date,product_identifier(sku),total_units,total_revenue,data_source
1/1/2026,10163011,1,1970,Blinkit
1/1/2026,10163015,21,25179,Blinkit
1/1/2026,10163019,54,43146,Blinkit
1/1/2026,10163020,74,65396,Blinkit
1/1/2026,10197331,17,15283,Blinkit
1/1/2026,10197348,1,899,Blinkit
1/1/2026,10235296,16,14368,Blinkit
1/1/2026,10266546,13,12987,Blinkit
1/1/2026,36658981,6,7190,Myntra
1/1/2026,36659822,11,8790,Myntra
1/1/2026,36659825,4,3600,Myntra
1/1/2026,36659830,2,1800,Myntra
1/1/2026,36659831,3,2700,Myntra
1/1/2026,36659835,1,1970,Myntra
1/1/2026,36659836,1,1600,Myntra
1/1/2026,36660215,6,12000,Myntra
1/1/2026,36660216,16,15200,Myntra
1/1/2026,36921822,2,3500,Myntra
1/1/2026,36921823,1,2150,Myntra
1/1/2026,37206948,12,4440,Myntra
1/1/2026,07e74fc5-7ecd-43d8-a3a8-6b6cd221026a,14,12026,Zepto
1/1/2026,32680322-fb74-4724-90e6-5377faa630a3,4,1996,Zepto
1/1/2026,3fa4c1a5-3183-4619-8774-491e2fd1008a,12,9588,Zepto
1/1/2026,4343c39f-d3bd-4310-8f14-12505e74428b,2,1798,Zepto
1/1/2026,517ff958-edff-405d-aad1-e1da1089243c,2,1798,Zepto
1/1/2026,8c73352d-6fa5-4bb0-862c-32e173ecacc1,2,1998,Zepto
1/1/2026,9e7b013e-5aff-4eb6-b474-ac94c392e348,4,3396,Zepto
1/1/2026,INDEW00000003,152,19677612.87,Nykaa
1/1/2026,INDEW00000010,40,1798250.8,Nykaa
1/1/2026,INDEW00000011,39,2650521.84,Nykaa
1/1/2026,INDEW00000014,55,2242989.65,Nykaa
1/1/2026,INDEW00000015,5,46636.8,Nykaa
1/1/2026,INDEW00000018,11,97062.57,Nykaa
1/1/2026,INDEW00000019,8,50049.44,Nykaa
1/1/2026,INDEW00000020,3,17214,Nykaa
1/1/2026,INDEW00000022,1,839.52,Nykaa
1/1/2026,INDEW00000023,88,2844907.12,Nykaa
1/1/2026,INDEW00000024,16,106209.45,Nykaa
1/1/2026,INDEW00000026,14,165886.7,Nykaa
1/1/2026,INDEW00000034,13,143347.62,Nykaa
1/1/2026,INDEW00000035,3,16750.08,Nykaa
1/1/2026,INDEW00000036,7,41420.26,Nykaa
1/1/2026,INDEW00000042,2,6275.62,Nykaa
1/1/2026,INDEW00000043,45,2006651.95,Nykaa
1/1/2026,INDEW00000044,71,4882866.18,Nykaa
1/1/2026,INDEW00000049,35,1141574.66,Nykaa
1/1/2026,c2ff7e40-7934-4be9-a386-7fd3df6b8c80,8,7184,Zepto
1/1/2026,e4a7998c-9073-45a0-9d8c-a8747e811f06,1,355,Zepto
1/2/2026,10163015,23,27577,Blinkit
1/2/2026,10163019,37,29563,Blinkit
1/2/2026,10163020,77,68453,Blinkit
1/2/2026,10197331,21,18879,Blinkit
1/2/2026,10197348,4,3596,Blinkit
1/2/2026,10235296,20,17960,Blinkit
1/2/2026,10266546,16,15984,Blinkit
1/2/2026,36658981,9,10800,Myntra
1/2/2026,36659822,5,4000,Myntra
1/2/2026,36659825,4,3600,Myntra
1/2/2026,36659830,3,2700,Myntra
1/2/2026,36659831,2,1800,Myntra
1/2/2026,36659836,1,1600,Myntra
1/2/2026,36660215,13,26000,Myntra
1/2/2026,36660216,22,20900,Myntra
1/2/2026,36921823,2,4300,Myntra
1/2/2026,37206948,13,4880,Myntra
1/2/2026,37736866,2,2000,Myntra
1/2/2026,07e74fc5-7ecd-43d8-a3a8-6b6cd221026a,27,23628,Zepto
1/2/2026,32680322-fb74-4724-90e6-5377faa630a3,4,1996,Zepto
1/2/2026,3fa4c1a5-3183-4619-8774-491e2fd1008a,12,9588,Zepto
1/2/2026,4f4fc324-38a3-48c7-ac4c-f6cdd0201001,1,1970,Zepto
1/2/2026,8c73352d-6fa5-4bb0-862c-32e173ecacc1,5,4995,Zepto
1/2/2026,94930f70-e21f-4103-9bf8-9f3330478fa7,5,5995,Zepto
1/2/2026,9e7b013e-5aff-4eb6-b474-ac94c392e348,1,849,Zepto
1/2/2026,INDEW00000003,182,28449138.93,Nykaa
1/2/2026,INDEW00000010,52,2706673.5,Nykaa
1/2/2026,INDEW00000011,47,4058417.1,Nykaa
1/2/2026,INDEW00000014,68,3458010.12,Nykaa
1/2/2026,INDEW00000015,9,150726.69,Nykaa
1/2/2026,INDEW00000018,9,64531.17,Nykaa
1/2/2026,INDEW00000019,8,51269.84,Nykaa
1/2/2026,INDEW00000020,4,30266.16,Nykaa
1/2/2026,INDEW00000022,2,3245.2,Nykaa
1/2/2026,INDEW00000023,86,2737156.4,Nykaa
1/2/2026,INDEW00000024,16,118941.92,Nykaa
1/2/2026,INDEW00000026,31,796827.1,Nykaa
1/2/2026,INDEW00000033,2,6061.52,Nykaa
1/2/2026,INDEW00000034,46,1783346.86,Nykaa
1/2/2026,INDEW00000035,5,46534.2,Nykaa
1/2/2026,INDEW00000036,5,23124.05,Nykaa
1/2/2026,INDEW00000042,4,24653.16,Nykaa
1/2/2026,INDEW00000043,70,5276464.9,Nykaa
1/2/2026,INDEW00000044,89,8301812.93,Nykaa
1/2/2026,INDEW00000049,32,1002371.52,Nykaa
1/2/2026,c2ff7e40-7934-4be9-a386-7fd3df6b8c80,4,3592,Zepto
1/2/2026,e4a7998c-9073-45a0-9d8c-a8747e811f06,3,1065,Zepto
1/3/2026,10163011,1,1970,Blinkit
1/3/2026,10163015,32,38368,Blinkit
1/3/2026,10163019,72,57528,Blinkit
1/3/2026,10163020,147,132048,Blinkit
1/3/2026,10197331,22,19778,Blinkit
1/3/2026,10197348,4,3596,Blinkit
1/3/2026,10235296,21,18858,Blinkit
1/3/2026,10266546,20,19980,Blinkit
1/3/2026,36658981,4,4800,Myntra
1/3/2026,36659822,12,9590,Myntra
1/3/2026,36659825,8,7190,Myntra
1/3/2026,36659831,2,1800,Myntra
1/3/2026,36660215,11,22000,Myntra
1/3/2026,36660216,20,19000,Myntra
1/3/2026,36921823,2,4300,Myntra
1/3/2026,37206948,8,3060,Myntra
1/3/2026,37736866,1,999,Myntra
1/3/2026,07e74fc5-7ecd-43d8-a3a8-6b6cd221026a,44,39236,Zepto
1/3/2026,32680322-fb74-4724-90e6-5377faa630a3,4,1996,Zepto
1/3/2026,3fa4c1a5-3183-4619-8774-491e2fd1008a,18,14382,Zepto
1/3/2026,566390e5-d7b4-44ab-86da-1778dafb8d73,1,899,Zepto
1/3/2026,8c73352d-6fa5-4bb0-862c-32e173ecacc1,2,1998,Zepto
1/3/2026,9e7b013e-5aff-4eb6-b474-ac94c392e348,5,4245,Zepto
1/3/2026,INDEW00000003,205,34659626.44,Nykaa
1/3/2026,INDEW00000010,49,2464367.63,Nykaa
1/3/2026,INDEW00000011,66,7537194.72,Nykaa
1/3/2026,INDEW00000014,67,3178236.79,Nykaa
1/3/2026,INDEW00000015,5,44206.3,Nykaa
1/3/2026,INDEW00000018,6,27028.08,Nykaa
1/3/2026,INDEW00000019,12,108141.96,Nykaa
1/3/2026,INDEW00000020,12,241795.32,Nykaa
1/3/2026,INDEW00000023,73,1927687.37,Nykaa
1/3/2026,INDEW00000024,14,91678.02,Nykaa
1/3/2026,INDEW00000026,35,979272.35,Nykaa
1/3/2026,INDEW00000034,32,812942.72,Nykaa
1/3/2026,INDEW00000035,4,28282.12,Nykaa
1/3/2026,INDEW00000036,15,184341.75,Nykaa
1/3/2026,INDEW00000042,3,12560.04,Nykaa
1/3/2026,INDEW00000043,88,7797431.94,Nykaa
1/3/2026,INDEW00000044,104,10957104.6,Nykaa
1/3/2026,INDEW00000049,36,1276309.8,Nykaa
1/3/2026,b3813904-2242-465e-b98c-73097e659bae,1,1970,Zepto
1/3/2026,c2ff7e40-7934-4be9-a386-7fd3df6b8c80,5,4490,Zepto
1/3/2026,e4a7998c-9073-45a0-9d8c-a8747e811f06,11,3905,Zepto
1/4/2026,10163015,31,37169,Blinkit
1/4/2026,10163019,93,74307,Blinkit
1/4/2026,10163020,175,156835,Blinkit
1/4/2026,10197331,20,17980,Blinkit
1/4/2026,10197348,1,899,Blinkit
1/4/2026,10235296,24,21552,Blinkit
1/4/2026,10266546,24,23976,Blinkit
1/4/2026,36658981,8,9590,Myntra
1/4/2026,36659822,6,4790,Myntra
1/4/2026,36659825,6,5390,Myntra
1/4/2026,36659830,1,899,Myntra
1/4/2026,36659836,1,1600,Myntra
1/4/2026,36660215,19,38000,Myntra
1/4/2026,36660216,22,20900,Myntra
1/4/2026,36921822,2,3500,Myntra
1/4/2026,36921823,1,2150,Myntra
1/4/2026,37206948,23,8300,Myntra
1/4/2026,37736866,3,3000,Myntra
1/4/2026,07e74fc5-7ecd-43d8-a3a8-6b6cd221026a,39,33546,Zepto
1/4/2026,32680322-fb74-4724-90e6-5377faa630a3,5,2495,Zepto
1/4/2026,3fa4c1a5-3183-4619-8774-491e2fd1008a,20,15980,Zepto
1/4/2026,8c73352d-6fa5-4bb0-862c-32e173ecacc1,3,2997,Zepto
1/4/2026,94930f70-e21f-4103-9bf8-9f3330478fa7,5,5995,Zepto
1/4/2026,9e7b013e-5aff-4eb6-b474-ac94c392e348,4,3396,Zepto
1/4/2026,INDEW00000003,240,46381757.95,Nykaa
1/4/2026,INDEW00000010,63,3825331.62,Nykaa
1/4/2026,INDEW00000011,77,10023813.64,Nykaa
1/4/2026,INDEW00000014,73,3778644.98,Nykaa
1/4/2026,INDEW00000015,11,210306.58,Nykaa
1/4/2026,INDEW00000018,6,25134.06,Nykaa
1/4/2026,INDEW00000019,12,108496.32,Nykaa
1/4/2026,INDEW00000020,3,15462,Nykaa
1/4/2026,INDEW00000023,79,2201334.94,Nykaa
1/4/2026,INDEW00000024,16,105729.2,Nykaa
1/4/2026,INDEW00000026,24,460378.08,Nykaa
1/4/2026,INDEW00000035,5,43403.8,Nykaa
1/4/2026,INDEW00000036,11,103026.11,Nykaa
1/4/2026,INDEW00000042,7,67160.03,Nykaa
1/4/2026,INDEW00000043,70,4708478.9,Nykaa
1/4/2026,INDEW00000044,87,7446429.11,Nykaa
1/4/2026,INDEW00000049,47,2190075.45,Nykaa
1/4/2026,b3813904-2242-465e-b98c-73097e659bae,4,7880,Zepto
1/4/2026,c2ff7e40-7934-4be9-a386-7fd3df6b8c80,6,5388,Zepto
1/4/2026,e4a7998c-9073-45a0-9d8c-a8747e811f06,11,3905,Zepto
1/5/2026,10163015,19,22781,Blinkit
1/5/2026,10163019,55,43945,Blinkit
1/5/2026,10163020,86,76784,Blinkit
1/5/2026,10197331,17,15283,Blinkit
1/5/2026,10197348,1,899,Blinkit
1/5/2026,10235296,11,9878,Blinkit
1/5/2026,10266546,13,12987,Blinkit
1/5/2026,36658981,5,6000,Myntra
1/5/2026,36659822,5,4000,Myntra
1/5/2026,36659825,1,899,Myntra
1/5/2026,36659830,4,3600,Myntra
1/5/2026,36659831,1,899,Myntra
1/5/2026,36659835,1,1970,Myntra
1/5/2026,36659836,1,1600,Myntra
1/5/2026,36660215,9,18000,Myntra
1/5/2026,36660216,18,17100,Myntra
1/5/2026,36921822,1,1750,Myntra
1/5/2026,07e74fc5-7ecd-43d8-a3a8-6b6cd221026a,25,21625,Zepto
1/5/2026,32680322-fb74-4724-90e6-5377faa630a3,4,1996,Zepto
1/5/2026,3fa4c1a5-3183-4619-8774-491e2fd1008a,10,7990,Zepto
1/5/2026,4343c39f-d3bd-4310-8f14-12505e74428b,1,899,Zepto
1/5/2026,4f4fc324-38a3-48c7-ac4c-f6cdd0201001,1,1970,Zepto
1/5/2026,517ff958-edff-405d-aad1-e1da1089243c,1,899,Zepto
1/5/2026,8c73352d-6fa5-4bb0-862c-32e173ecacc1,3,2997,Zepto
1/5/2026,94930f70-e21f-4103-9bf8-9f3330478fa7,3,3597,Zepto
1/5/2026,9e7b013e-5aff-4eb6-b474-ac94c392e348,9,7641,Zepto
1/5/2026,INDEW00000003,219,38871547.68,Nykaa
1/5/2026,INDEW00000010,52,2776111.11,Nykaa
1/5/2026,INDEW00000011,77,10288432.77,Nykaa
1/5/2026,INDEW00000014,69,3367599.51,Nykaa
1/5/2026,INDEW00000015,3,8523.26,Nykaa
1/5/2026,INDEW00000018,10,75474.9,Nykaa
1/5/2026,INDEW00000019,12,109198.92,Nykaa
1/5/2026,INDEW00000020,4,26689.08,Nykaa
1/5/2026,INDEW00000023,69,1763217.72,Nykaa
1/5/2026,INDEW00000024,13,78179.14,Nykaa
1/5/2026,INDEW00000026,35,961880.5,Nykaa
1/5/2026,INDEW00000035,3,8550.88,Nykaa
1/5/2026,INDEW00000036,15,192500.4,Nykaa
1/5/2026,INDEW00000042,4,21851.36,Nykaa
1/5/2026,INDEW00000043,70,4983445.74,Nykaa
1/5/2026,INDEW00000044,96,9329085.24,Nykaa
1/5/2026,INDEW00000049,34,1138091.18,Nykaa
1/5/2026,b3813904-2242-465e-b98c-73097e659bae,2,3940,Zepto
1/5/2026,c2ff7e40-7934-4be9-a386-7fd3df6b8c80,3,2694,Zepto
1/5/2026,e4a7998c-9073-45a0-9d8c-a8747e811f06,6,2130,Zepto
1/6/2026,10163015,17,20383,Blinkit
1/6/2026,10163019,48,38352,Blinkit
1/6/2026,10163020,93,83742,Blinkit
1/6/2026,10197331,21,18879,Blinkit
1/6/2026,10197348,3,2697,Blinkit
1/6/2026,10235296,10,8980,Blinkit
1/6/2026,10266546,14,13986,Blinkit
1/6/2026,36658981,6,7190,Myntra
1/6/2026,36659822,7,5590,Myntra
1/6/2026,36659825,4,3600,Myntra
1/6/2026,36659830,4,3600,Myntra
1/6/2026,36659831,3,2700,Myntra
1/6/2026,36660215,8,16000,Myntra
1/6/2026,36660216,20,19000,Myntra
1/6/2026,36921822,3,5240,Myntra
1/6/2026,36921823,2,4300,Myntra
1/6/2026,37206948,3,1150,Myntra
1/6/2026,37736866,4,4000,Myntra
1/6/2026,07e74fc5-7ecd-43d8-a3a8-6b6cd221026a,26,22889,Zepto
1/6/2026,32680322-fb74-4724-90e6-5377faa630a3,6,2994,Zepto
1/6/2026,3fa4c1a5-3183-4619-8774-491e2fd1008a,7,5593,Zepto
1/6/2026,4343c39f-d3bd-4310-8f14-12505e74428b,1,899,Zepto
1/6/2026,8c73352d-6fa5-4bb0-862c-32e173ecacc1,1,999,Zepto
1/6/2026,94930f70-e21f-4103-9bf8-9f3330478fa7,3,3597,Zepto
1/6/2026,9e7b013e-5aff-4eb6-b474-ac94c392e348,2,1698,Zepto
1/6/2026,INDEW00000003,178,27455240.06,Nykaa
1/6/2026,INDEW00000010,50,2697110.38,Nykaa
1/6/2026,INDEW00000011,50,4396667.98,Nykaa
1/6/2026,INDEW00000014,78,4510517.7,Nykaa
1/6/2026,INDEW00000015,8,116743.2,Nykaa
1/6/2026,INDEW00000018,5,20175,Nykaa
1/6/2026,INDEW00000019,6,28031.88,Nykaa
1/6/2026,INDEW00000020,5,47739.05,Nykaa
1/6/2026,INDEW00000023,76,1969582.1,Nykaa
1/6/2026,INDEW00000024,10,46220.2,Nykaa
1/6/2026,INDEW00000026,34,910241.27,Nykaa
1/6/2026,INDEW00000033,1,1519,Nykaa
1/6/2026,INDEW00000034,12,118022.16,Nykaa
1/6/2026,INDEW00000035,3,15140.97,Nykaa
1/6/2026,INDEW00000036,10,63280.2,Nykaa
1/6/2026,INDEW00000042,2,6054.04,Nykaa
1/6/2026,INDEW00000043,57,3136470.96,Nykaa
1/6/2026,INDEW00000044,86,6945570,Nykaa
1/6/2026,INDEW00000049,7,46828.95,Nykaa
1/6/2026,b3813904-2242-465e-b98c-73097e659bae,1,1970,Zepto
1/6/2026,c2ff7e40-7934-4be9-a386-7fd3df6b8c80,6,5388,Zepto
1/6/2026,e4a7998c-9073-45a0-9d8c-a8747e811f06,3,1065,Zepto
1/7/2026,10163011,1,1970,Blinkit
1/7/2026,10163015,27,32373,Blinkit
1/7/2026,10163019,67,53533,Blinkit
1/7/2026,10163020,107,95453,Blinkit
1/7/2026,10197331,22,19778,Blinkit
1/7/2026,10197348,1,899,Blinkit
1/7/2026,10235296,12,10776,Blinkit
1/7/2026,10266546,19,18981,Blinkit
1/7/2026,36658981,6,7190,Myntra
1/7/2026,36659822,4,3200,Myntra
1/7/2026,36659825,9,8090,Myntra
1/7/2026,36659830,3,2700,Myntra
1/7/2026,36659831,3,2700,Myntra
1/7/2026,36660215,10,20000,Myntra
1/7/2026,36660216,25,23700,Myntra
1/7/2026,36921822,1,1750,Myntra
1/7/2026,36921823,2,4300,Myntra
1/7/2026,37736866,2,2000,Myntra
1/7/2026,07e74fc5-7ecd-43d8-a3a8-6b6cd221026a,17,15293,Zepto
1/7/2026,32680322-fb74-4724-90e6-5377faa630a3,2,998,Zepto
1/7/2026,3fa4c1a5-3183-4619-8774-491e2fd1008a,14,11186,Zepto
1/7/2026,4343c39f-d3bd-4310-8f14-12505e74428b,1,899,Zepto
1/7/2026,566390e5-d7b4-44ab-86da-1778dafb8d73,3,2697,Zepto
1/7/2026,8c73352d-6fa5-4bb0-862c-32e173ecacc1,5,4995,Zepto
1/7/2026,94930f70-e21f-4103-9bf8-9f3330478fa7,5,5995,Zepto
1/7/2026,9e7b013e-5aff-4eb6-b474-ac94c392e348,7,5943,Zepto
1/7/2026,INDEW00000003,170,23220562.95,Nykaa
1/7/2026,INDEW00000010,60,3914718.22,Nykaa
1/7/2026,INDEW00000011,61,6635955.8,Nykaa
1/7/2026,INDEW00000014,68,3253524.93,Nykaa
1/7/2026,INDEW00000015,2,7488,Nykaa
1/7/2026,INDEW00000018,6,26865.12,Nykaa
1/7/2026,INDEW00000019,5,20111.65,Nykaa
1/7/2026,INDEW00000020,5,48140.3,Nykaa
1/7/2026,INDEW00000023,69,1769725.11,Nykaa
1/7/2026,INDEW00000024,14,91545.58,Nykaa
1/7/2026,INDEW00000026,25,516361,Nykaa
1/7/2026,INDEW00000034,36,1079415,Nykaa
1/7/2026,INDEW00000035,6,67392,Nykaa
1/7/2026,INDEW00000036,9,67416.21,Nykaa
1/7/2026,INDEW00000042,4,24989.92,Nykaa
1/7/2026,INDEW00000043,68,4140810.48,Nykaa
1/7/2026,INDEW00000044,92,8104399.36,Nykaa
1/7/2026,INDEW00000049,30,883541.7,Nykaa
1/7/2026,c2ff7e40-7934-4be9-a386-7fd3df6b8c80,4,3592,Zepto
1/7/2026,e4a7998c-9073-45a0-9d8c-a8747e811f06,9,3195,Zepto
1/8/2026,10163015,19,22781,Blinkit
1/8/2026,10163019,68,54332,Blinkit
1/8/2026,10163020,87,77523,Blinkit
1/8/2026,10197331,15,13485,Blinkit
1/8/2026,10235296,7,6286,Blinkit
1/8/2026,10266546,12,11988,Blinkit
1/8/2026,36658981,7,8390,Myntra
1/8/2026,36659822,12,9590,Myntra
1/8/2026,36659825,11,9890,Myntra
1/8/2026,36659830,4,3600,Myntra
1/8/2026,36660215,10,20000,Myntra
1/8/2026,36660216,22,20900,Myntra
1/8/2026,36921822,2,3500,Myntra
1/8/2026,36921823,1,2150,Myntra
1/8/2026,37206948,6,2170,Myntra
1/8/2026,07e74fc5-7ecd-43d8-a3a8-6b6cd221026a,18,15717,Zepto
1/8/2026,32680322-fb74-4724-90e6-5377faa630a3,1,499,Zepto
1/8/2026,3fa4c1a5-3183-4619-8774-491e2fd1008a,12,9588,Zepto
1/8/2026,4343c39f-d3bd-4310-8f14-12505e74428b,1,899,Zepto
1/8/2026,4f4fc324-38a3-48c7-ac4c-f6cdd0201001,1,1970,Zepto
1/8/2026,566390e5-d7b4-44ab-86da-1778dafb8d73,1,899,Zepto
1/8/2026,8c73352d-6fa5-4bb0-862c-32e173ecacc1,2,1998,Zepto
1/8/2026,94930f70-e21f-4103-9bf8-9f3330478fa7,4,4796,Zepto
1/8/2026,9e7b013e-5aff-4eb6-b474-ac94c392e348,5,4245,Zepto
1/8/2026,INDEW00000003,189,28267484.92,Nykaa
1/8/2026,INDEW00000010,48,2594326.08,Nykaa
1/8/2026,INDEW00000011,56,5753580.56,Nykaa
1/8/2026,INDEW00000014,72,3453578.9,Nykaa
1/8/2026,INDEW00000015,7,91469.07,Nykaa
1/8/2026,INDEW00000018,6,28912.32,Nykaa
1/8/2026,INDEW00000019,6,28553.52,Nykaa
1/8/2026,INDEW00000020,1,1908.6,Nykaa
1/8/2026,INDEW00000023,67,1666808.58,Nykaa
1/8/2026,INDEW00000024,12,56777.5,Nykaa
1/8/2026,INDEW00000026,19,303496.31,Nykaa
1/8/2026,INDEW00000034,32,844700.8,Nykaa
1/8/2026,INDEW00000035,5,45941.2,Nykaa
1/8/2026,INDEW00000036,13,137663.24,Nykaa
1/8/2026,INDEW00000042,1,1562.65,Nykaa
1/8/2026,INDEW00000043,79,5811311.7,Nykaa
1/8/2026,INDEW00000044,100,9616941.64,Nykaa
1/8/2026,INDEW00000049,28,770799.96,Nykaa
1/8/2026,b3813904-2242-465e-b98c-73097e659bae,2,3940,Zepto
1/8/2026,c2ff7e40-7934-4be9-a386-7fd3df6b8c80,2,1796,Zepto
1/8/2026,e4a7998c-9073-45a0-9d8c-a8747e811f06,9,3195,Zepto
1/9/2026,10163015,21,25179,Blinkit
1/9/2026,10163019,57,45543,Blinkit
1/9/2026,10163020,122,107063,Blinkit
1/9/2026,10197331,12,10788,Blinkit
1/9/2026,10197348,1,899,Blinkit
1/9/2026,10235296,16,14368,Blinkit
1/9/2026,10266546,14,13986,Blinkit
1/9/2026,36658981,12,14400,Myntra
1/9/2026,36659822,41,32800,Myntra
1/9/2026,36659825,18,16200,Myntra
1/9/2026,36659830,6,5390,Myntra
1/9/2026,36659831,3,2700,Myntra
1/9/2026,36659835,1,1970,Myntra
1/9/2026,36659836,2,3200,Myntra
1/9/2026,36660215,20,40000,Myntra
1/9/2026,36660216,34,32300,Myntra
1/9/2026,36921823,1,2150,Myntra
1/9/2026,37206948,1,355,Myntra
1/9/2026,37736866,4,4000,Myntra
1/9/2026,07e74fc5-7ecd-43d8-a3a8-6b6cd221026a,20,17825,Zepto
1/9/2026,32680322-fb74-4724-90e6-5377faa630a3,7,3493,Zepto
1/9/2026,3fa4c1a5-3183-4619-8774-491e2fd1008a,11,8789,Zepto
1/9/2026,4343c39f-d3bd-4310-8f14-12505e74428b,1,899,Zepto
1/9/2026,4f4fc324-38a3-48c7-ac4c-f6cdd0201001,3,5910,Zepto
1/9/2026,566390e5-d7b4-44ab-86da-1778dafb8d73,2,1798,Zepto
1/9/2026,8c73352d-6fa5-4bb0-862c-32e173ecacc1,6,5994,Zepto
1/9/2026,94930f70-e21f-4103-9bf8-9f3330478fa7,4,4796,Zepto
1/9/2026,9e7b013e-5aff-4eb6-b474-ac94c392e348,1,849,Zepto
1/9/2026,INDEW00000003,167,21542301.17,Nykaa
1/9/2026,INDEW00000010,34,1294266.1,Nykaa
1/9/2026,INDEW00000011,50,4621194.5,Nykaa
1/9/2026,INDEW00000014,55,2225260.95,Nykaa
1/9/2026,INDEW00000015,6,64349.46,Nykaa
1/9/2026,INDEW00000018,4,12538.92,Nykaa
1/9/2026,INDEW00000019,8,51226.72,Nykaa
1/9/2026,INDEW00000020,3,17248.68,Nykaa
1/9/2026,INDEW00000023,65,1574165.45,Nykaa
1/9/2026,INDEW00000024,12,66071.04,Nykaa
1/9/2026,INDEW00000026,21,374776.29,Nykaa
1/9/2026,INDEW00000034,37,1139872.69,Nykaa
1/9/2026,INDEW00000035,4,28084.6,Nykaa
1/9/2026,INDEW00000036,10,80131.4,Nykaa
1/9/2026,INDEW00000042,5,38908.15,Nykaa
1/9/2026,INDEW00000043,71,4437667.14,Nykaa
1/9/2026,INDEW00000044,85,6296103.98,Nykaa
1/9/2026,INDEW00000049,30,885078.9,Nykaa
1/9/2026,b3813904-2242-465e-b98c-73097e659bae,1,1970,Zepto
1/9/2026,c2ff7e40-7934-4be9-a386-7fd3df6b8c80,1,898,Zepto
1/9/2026,e4a7998c-9073-45a0-9d8c-a8747e811f06,9,3195,Zepto
1/10/2026,10163015,28,33572,Blinkit
1/10/2026,10163019,86,68714,Blinkit
1/10/2026,10163020,147,130158,Blinkit
1/10/2026,10197331,20,17980,Blinkit
1/10/2026,10197348,4,3596,Blinkit
1/10/2026,10235296,25,22450,Blinkit
1/10/2026,10266546,10,9990,Blinkit
1/10/2026,36658981,8,9590,Myntra
1/10/2026,36659822,32,25600,Myntra
1/10/2026,36659825,20,18000,Myntra
1/10/2026,36659830,8,7190,Myntra
1/10/2026,36659831,13,11700,Myntra
1/10/2026,36659835,3,5910,Myntra
1/10/2026,36659836,2,3200,Myntra
1/10/2026,36660215,26,52000,Myntra
1/10/2026,36660216,25,23700,Myntra
1/10/2026,36921823,3,6440,Myntra
1/10/2026,37206948,1,355,Myntra
1/10/2026,37736866,5,5000,Myntra
1/10/2026,07e74fc5-7ecd-43d8-a3a8-6b6cd221026a,31,27214,Zepto
1/10/2026,32680322-fb74-4724-90e6-5377faa630a3,8,3992,Zepto
1/10/2026,3fa4c1a5-3183-4619-8774-491e2fd1008a,24,19176,Zepto
1/10/2026,8c73352d-6fa5-4bb0-862c-32e173ecacc1,2,1998,Zepto
1/10/2026,94930f70-e21f-4103-9bf8-9f3330478fa7,2,2398,Zepto
1/10/2026,9e7b013e-5aff-4eb6-b474-ac94c392e348,1,849,Zepto
1/10/2026,INDEW00000003,205,32615654.82,Nykaa
1/10/2026,INDEW00000010,38,1488787.56,Nykaa
1/10/2026,INDEW00000011,83,11421190.93,Nykaa
1/10/2026,INDEW00000014,73,3614087.96,Nykaa
1/10/2026,INDEW00000015,4,17630,Nykaa
1/10/2026,INDEW00000018,8,47175.44,Nykaa
1/10/2026,INDEW00000019,10,75630.4,Nykaa
1/10/2026,INDEW00000020,2,6771.94,Nykaa
1/10/2026,INDEW00000023,62,1381717.74,Nykaa
1/10/2026,INDEW00000024,11,46668.35,Nykaa
1/10/2026,INDEW00000026,25,499921,Nykaa
1/10/2026,INDEW00000034,31,757371.54,Nykaa
1/10/2026,INDEW00000035,4,28354.36,Nykaa
1/10/2026,INDEW00000036,12,115399.56,Nykaa
1/10/2026,INDEW00000042,4,21344.88,Nykaa
1/10/2026,INDEW00000043,59,3225966.65,Nykaa
1/10/2026,INDEW00000044,88,7684612.32,Nykaa
1/10/2026,INDEW00000049,34,1140743.18,Nykaa
1/10/2026,b3813904-2242-465e-b98c-73097e659bae,1,1970,Zepto
1/10/2026,c2ff7e40-7934-4be9-a386-7fd3df6b8c80,4,3592,Zepto
1/10/2026,e4a7998c-9073-45a0-9d8c-a8747e811f06,8,2840,Zepto
1/11/2026,10163011,2,3940,Blinkit
1/11/2026,10163015,34,40766,Blinkit
1/11/2026,10163019,120,95880,Blinkit
1/11/2026,10163020,127,111598,Blinkit
1/11/2026,10197331,22,19778,Blinkit
1/11/2026,10197348,3,2697,Blinkit
1/11/2026,10235296,19,17062,Blinkit
1/11/2026,10266546,25,24975,Blinkit
1/11/2026,36658981,9,10800,Myntra
1/11/2026,36659822,33,26400,Myntra
1/11/2026,36659825,27,24300,Myntra
1/11/2026,36659830,5,4500,Myntra
1/11/2026,36659831,6,5390,Myntra
1/11/2026,36659836,3,4800,Myntra
1/11/2026,36660215,23,46000,Myntra
1/11/2026,36660216,19,18000,Myntra
1/11/2026,36921822,3,5240,Myntra
1/11/2026,36921823,3,6440,Myntra
1/11/2026,37206948,1,355,Myntra
1/11/2026,37736866,2,2000,Myntra
1/11/2026,07e74fc5-7ecd-43d8-a3a8-6b6cd221026a,41,35759,Zepto
1/11/2026,32680322-fb74-4724-90e6-5377faa630a3,7,3493,Zepto
1/11/2026,3fa4c1a5-3183-4619-8774-491e2fd1008a,19,15181,Zepto
1/11/2026,4343c39f-d3bd-4310-8f14-12505e74428b,1,899,Zepto
1/11/2026,8c73352d-6fa5-4bb0-862c-32e173ecacc1,2,1998,Zepto
1/11/2026,94930f70-e21f-4103-9bf8-9f3330478fa7,4,4796,Zepto
1/11/2026,9e7b013e-5aff-4eb6-b474-ac94c392e348,1,849,Zepto
1/11/2026,INDEW00000003,228,38526130.28,Nykaa
1/11/2026,INDEW00000010,52,2881242,Nykaa
1/11/2026,INDEW00000011,73,9268095.33,Nykaa
1/11/2026,INDEW00000014,55,2007092.5,Nykaa
1/11/2026,INDEW00000015,9,142962.12,Nykaa
1/11/2026,INDEW00000018,8,47251.12,Nykaa
1/11/2026,INDEW00000019,10,74789.1,Nykaa
1/11/2026,INDEW00000020,6,43894.22,Nykaa
1/11/2026,INDEW00000023,72,1788767.9,Nykaa
1/11/2026,INDEW00000024,11,55583.99,Nykaa
1/11/2026,INDEW00000026,33,861802.59,Nykaa
1/11/2026,INDEW00000034,34,908933.56,Nykaa
1/11/2026,INDEW00000035,7,85682.8,Nykaa
1/11/2026,INDEW00000036,16,198957.44,Nykaa
1/11/2026,INDEW00000043,83,6138735.72,Nykaa
1/11/2026,INDEW00000044,121,13823946.57,Nykaa
1/11/2026,INDEW00000049,24,571593.36,Nykaa
1/11/2026,c2ff7e40-7934-4be9-a386-7fd3df6b8c80,5,4490,Zepto
1/11/2026,e4a7998c-9073-45a0-9d8c-a8747e811f06,17,6035,Zepto
1/12/2026,10163015,33,39567,Blinkit
1/12/2026,10163019,62,49538,Blinkit
1/12/2026,10163020,94,82696,Blinkit
1/12/2026,10197331,14,12586,Blinkit
1/12/2026,10235296,13,11674,Blinkit
1/12/2026,10266546,12,11988,Blinkit
1/12/2026,36658981,8,9590,Myntra
1/12/2026,36659822,8,6390,Myntra
1/12/2026,36659825,10,8990,Myntra
1/12/2026,36659830,3,2700,Myntra
1/12/2026,36659831,2,1800,Myntra
1/12/2026,36659835,1,1970,Myntra
1/12/2026,36660215,6,12000,Myntra
1/12/2026,36660216,15,14200,Myntra
1/12/2026,36921823,1,2150,Myntra
1/12/2026,37736866,5,5000,Myntra
1/12/2026,07e74fc5-7ecd-43d8-a3a8-6b6cd221026a,23,20252,Zepto
1/12/2026,32680322-fb74-4724-90e6-5377faa630a3,6,2994,Zepto
1/12/2026,3fa4c1a5-3183-4619-8774-491e2fd1008a,15,11985,Zepto
1/12/2026,8c73352d-6fa5-4bb0-862c-32e173ecacc1,3,2997,Zepto
1/12/2026,94930f70-e21f-4103-9bf8-9f3330478fa7,2,2398,Zepto
1/12/2026,INDEW00000003,198,30157392.84,Nykaa
1/12/2026,INDEW00000010,25,706539,Nykaa
1/12/2026,INDEW00000011,46,3729767.9,Nykaa
1/12/2026,INDEW00000014,61,2533495.82,Nykaa
1/12/2026,INDEW00000015,2,7454.92,Nykaa
1/12/2026,INDEW00000018,8,51351.68,Nykaa
1/12/2026,INDEW00000019,8,51642.8,Nykaa
1/12/2026,INDEW00000020,5,48238.4,Nykaa
1/12/2026,INDEW00000023,70,1699376.22,Nykaa
1/12/2026,INDEW00000024,15,105303.15,Nykaa
1/12/2026,INDEW00000026,33,858361.22,Nykaa
1/12/2026,INDEW00000034,29,686349.67,Nykaa
1/12/2026,INDEW00000035,2,7432.58,Nykaa
1/12/2026,INDEW00000036,11,81621.7,Nykaa
1/12/2026,INDEW00000043,62,3496809.88,Nykaa
1/12/2026,INDEW00000044,84,6401658.96,Nykaa
1/12/2026,INDEW00000049,22,478901.06,Nykaa
1/12/2026,b3813904-2242-465e-b98c-73097e659bae,1,1970,Zepto
1/12/2026,c2ff7e40-7934-4be9-a386-7fd3df6b8c80,2,1796,Zepto
1/12/2026,e4a7998c-9073-45a0-9d8c-a8747e811f06,9,3195,Zepto
1/13/2026,10163015,19,22781,Blinkit
1/13/2026,10163019,68,54332,Blinkit
1/13/2026,10163020,91,79009,Blinkit
1/13/2026,10197331,10,8990,Blinkit
1/13/2026,10197348,2,1798,Blinkit
1/13/2026,10235296,11,9878,Blinkit
1/13/2026,10266546,19,18981,Blinkit
1/13/2026,36658981,1,1200,Myntra
1/13/2026,36659822,6,4790,Myntra
1/13/2026,36659825,7,6390,Myntra
1/13/2026,36659830,1,899,Myntra
1/13/2026,36659831,2,1800,Myntra
1/13/2026,36659835,1,1970,Myntra
1/13/2026,36660215,17,34000,Myntra
1/13/2026,36660216,27,25600,Myntra
1/13/2026,36921822,3,5240,Myntra
1/13/2026,36921823,3,6440,Myntra
1/13/2026,37206948,5,1780,Myntra
1/13/2026,37736866,5,5000,Myntra
1/13/2026,38223073,1,1150,Myntra
1/13/2026,07e74fc5-7ecd-43d8-a3a8-6b6cd221026a,18,15822,Zepto
1/13/2026,32680322-fb74-4724-90e6-5377faa630a3,3,1497,Zepto
1/13/2026,3fa4c1a5-3183-4619-8774-491e2fd1008a,5,3995,Zepto
1/13/2026,8c73352d-6fa5-4bb0-862c-32e173ecacc1,2,1998,Zepto
1/13/2026,94930f70-e21f-4103-9bf8-9f3330478fa7,2,2398,Zepto
1/13/2026,INDEW00000003,183,25616883.36,Nykaa
1/13/2026,INDEW00000010,34,1292088.06,Nykaa
1/13/2026,INDEW00000011,38,2586895.6,Nykaa
1/13/2026,INDEW00000014,55,2185335.35,Nykaa
1/13/2026,INDEW00000015,4,29696.56,Nykaa
1/13/2026,INDEW00000018,3,7263,Nykaa
1/13/2026,INDEW00000019,3,6987.33,Nykaa
1/13/2026,INDEW00000020,5,46340.45,Nykaa
1/13/2026,INDEW00000023,52,970952.32,Nykaa
1/13/2026,INDEW00000024,6,16344,Nykaa
1/13/2026,INDEW00000026,16,217195.36,Nykaa
1/13/2026,INDEW00000033,1,1324.26,Nykaa
1/13/2026,INDEW00000034,30,729838.5,Nykaa
1/13/2026,INDEW00000035,3,16719.15,Nykaa
1/13/2026,INDEW00000036,8,48048.24,Nykaa
1/13/2026,INDEW00000042,3,14110.56,Nykaa
1/13/2026,INDEW00000043,47,2130367.12,Nykaa
1/13/2026,INDEW00000044,67,4478941.29,Nykaa
1/13/2026,INDEW00000049,18,316277.82,Nykaa
1/13/2026,b3813904-2242-465e-b98c-73097e659bae,1,1970,Zepto
1/13/2026,c2ff7e40-7934-4be9-a386-7fd3df6b8c80,3,2694,Zepto
1/13/2026,e4a7998c-9073-45a0-9d8c-a8747e811f06,12,4260,Zepto
1/14/2026,10163011,1,1970,Blinkit
1/14/2026,10163015,21,25179,Blinkit
1/14/2026,10163019,51,40749,Blinkit
1/14/2026,10163020,108,92937,Blinkit
1/14/2026,10197331,14,12586,Blinkit
1/14/2026,10197348,2,1798,Blinkit
1/14/2026,10235296,19,17062,Blinkit
1/14/2026,10266546,21,20979,Blinkit
1/14/2026,10277299,6,6900,Blinkit
1/14/2026,10277303,3,3450,Blinkit
1/14/2026,36658981,7,8390,Myntra
1/14/2026,36659822,28,22400,Myntra
1/14/2026,36659825,14,12600,Myntra
1/14/2026,36659830,5,4500,Myntra
1/14/2026,36659831,8,7190,Myntra
1/14/2026,36659835,1,1970,Myntra
1/14/2026,36659836,3,4800,Myntra
1/14/2026,36660215,20,40000,Myntra
1/14/2026,36660216,19,18000,Myntra
1/14/2026,36921823,2,4300,Myntra
1/14/2026,37206948,6,2130,Myntra
1/14/2026,37736866,5,5000,Myntra
1/14/2026,07e74fc5-7ecd-43d8-a3a8-6b6cd221026a,21,18039,Zepto
1/14/2026,32680322-fb74-4724-90e6-5377faa630a3,7,3493,Zepto
1/14/2026,3fa4c1a5-3183-4619-8774-491e2fd1008a,8,6392,Zepto
1/14/2026,4f4fc324-38a3-48c7-ac4c-f6cdd0201001,1,1970,Zepto
1/14/2026,8c73352d-6fa5-4bb0-862c-32e173ecacc1,4,3996,Zepto
1/14/2026,INDEW00000003,172,21947096.72,Nykaa
1/14/2026,INDEW00000010,44,2153399.6,Nykaa
1/14/2026,INDEW00000011,39,2673792.81,Nykaa
1/14/2026,INDEW00000014,30,660968.7,Nykaa
1/14/2026,INDEW00000015,6,66113.76,Nykaa
1/14/2026,INDEW00000018,8,50516.8,Nykaa
1/14/2026,INDEW00000019,8,49226.08,Nykaa
1/14/2026,INDEW00000020,1,1933,Nykaa
1/14/2026,INDEW00000023,69,1701878.79,Nykaa
1/14/2026,INDEW00000024,12,68015.4,Nykaa
1/14/2026,INDEW00000026,14,161211.54,Nykaa
1/14/2026,INDEW00000033,3,13524.72,Nykaa
1/14/2026,INDEW00000034,25,530882,Nykaa
1/14/2026,INDEW00000035,4,29753.48,Nykaa
1/14/2026,INDEW00000036,12,121008.24,Nykaa
1/14/2026,INDEW00000042,1,1567.34,Nykaa
1/14/2026,INDEW00000043,67,4307646.87,Nykaa
1/14/2026,INDEW00000044,88,7451185.72,Nykaa
1/14/2026,INDEW00000049,28,713889.38,Nykaa
1/14/2026,b3813904-2242-465e-b98c-73097e659bae,1,1970,Zepto
1/14/2026,c2ff7e40-7934-4be9-a386-7fd3df6b8c80,3,2694,Zepto
1/14/2026,e4a7998c-9073-45a0-9d8c-a8747e811f06,17,6035,Zepto
1/15/2026,10163011,1,1970,Blinkit
1/15/2026,10163015,20,23980,Blinkit
1/15/2026,10163019,59,47141,Blinkit
1/15/2026,10163020,105,90825,Blinkit
1/15/2026,10197331,14,12586,Blinkit
1/15/2026,10235296,13,11674,Blinkit
1/15/2026,10266546,17,16983,Blinkit
1/15/2026,10274128,4,3996,Blinkit
1/15/2026,10277299,20,23000,Blinkit
1/15/2026,10277303,11,12650,Blinkit
1/15/2026,36658981,3,3600,Myntra
1/15/2026,36659822,28,22400,Myntra
1/15/2026,36659825,15,13500,Myntra
1/15/2026,36659830,5,4500,Myntra
1/15/2026,36659831,3,2700,Myntra
1/15/2026,36660215,23,46000,Myntra
1/15/2026,36660216,25,23700,Myntra
1/15/2026,37206948,6,2130,Myntra
1/15/2026,37736866,4,4000,Myntra
1/15/2026,07e74fc5-7ecd-43d8-a3a8-6b6cd221026a,13,11392,Zepto
1/15/2026,32680322-fb74-4724-90e6-5377faa630a3,3,1497,Zepto
1/15/2026,3fa4c1a5-3183-4619-8774-491e2fd1008a,9,7191,Zepto
1/15/2026,4343c39f-d3bd-4310-8f14-12505e74428b,1,899,Zepto
1/15/2026,8c73352d-6fa5-4bb0-862c-32e173ecacc1,5,4995,Zepto
1/15/2026,94930f70-e21f-4103-9bf8-9f3330478fa7,4,4796,Zepto
1/15/2026,9e7b013e-5aff-4eb6-b474-ac94c392e348,1,849,Zepto
1/15/2026,INDEW00000003,172,21496175.16,Nykaa
1/15/2026,INDEW00000010,37,1461150.68,Nykaa
1/15/2026,INDEW00000011,58,5987309.84,Nykaa
1/15/2026,INDEW00000014,62,2670128.48,Nykaa
1/15/2026,INDEW00000015,4,29813.2,Nykaa
1/15/2026,INDEW00000018,7,38430.63,Nykaa
1/15/2026,INDEW00000019,7,39954.67,Nykaa
1/15/2026,INDEW00000020,1,1923.67,Nykaa
1/15/2026,INDEW00000023,54,1056188.7,Nykaa
1/15/2026,INDEW00000024,15,105330.45,Nykaa
1/15/2026,INDEW00000026,26,569413,Nykaa
1/15/2026,INDEW00000033,1,1501.52,Nykaa
1/15/2026,INDEW00000034,23,437499.1,Nykaa
1/15/2026,INDEW00000036,7,39149.6,Nykaa
1/15/2026,INDEW00000042,2,6292,Nykaa
1/15/2026,INDEW00000043,62,3643558.85,Nykaa
1/15/2026,INDEW00000044,83,6762982.9,Nykaa
1/15/2026,INDEW00000049,31,937293.37,Nykaa
1/15/2026,b3813904-2242-465e-b98c-73097e659bae,2,3940,Zepto
1/15/2026,c2ff7e40-7934-4be9-a386-7fd3df6b8c80,5,4490,Zepto
1/15/2026,e4a7998c-9073-45a0-9d8c-a8747e811f06,14,4970,Zepto
1/16/2026,10163015,23,27577,Blinkit
1/16/2026,10163019,54,43146,Blinkit
1/16/2026,10163020,56,48209,Blinkit
1/16/2026,10197331,19,17081,Blinkit
1/16/2026,10235296,25,22450,Blinkit
1/16/2026,10266546,20,19980,Blinkit
1/16/2026,10274128,6,5994,Blinkit
1/16/2026,10277299,18,20700,Blinkit
1/16/2026,10277303,12,13800,Blinkit
1/16/2026,36658981,10,12000,Myntra
1/16/2026,36659822,30,24000,Myntra
1/16/2026,36659825,12,10800,Myntra
1/16/2026,36659830,3,2700,Myntra
1/16/2026,36659831,5,4500,Myntra
1/16/2026,36659835,1,1970,Myntra
1/16/2026,36659836,1,1600,Myntra
1/16/2026,36660215,22,44000,Myntra
1/16/2026,36660216,27,25600,Myntra
1/16/2026,36921822,1,1750,Myntra
1/16/2026,37206948,1,399,Myntra
1/16/2026,37736866,4,4000,Myntra
1/16/2026,38249058,2,2300,Myntra
1/16/2026,07e74fc5-7ecd-43d8-a3a8-6b6cd221026a,18,15402,Zepto
1/16/2026,32680322-fb74-4724-90e6-5377faa630a3,7,3493,Zepto
1/16/2026,3fa4c1a5-3183-4619-8774-491e2fd1008a,12,9588,Zepto
1/16/2026,4343c39f-d3bd-4310-8f14-12505e74428b,1,899,Zepto
1/16/2026,8c73352d-6fa5-4bb0-862c-32e173ecacc1,3,2997,Zepto
1/16/2026,9e7b013e-5aff-4eb6-b474-ac94c392e348,1,849,Zepto
1/16/2026,INDEW00000003,164,19469710.34,Nykaa
1/16/2026,INDEW00000010,22,517520.74,Nykaa
1/16/2026,INDEW00000011,57,5659445.07,Nykaa
1/16/2026,INDEW00000014,59,2395615.35,Nykaa
1/16/2026,INDEW00000015,5,43905.75,Nykaa
1/16/2026,INDEW00000018,11,90702.7,Nykaa
1/16/2026,INDEW00000019,11,91786.86,Nykaa
1/16/2026,INDEW00000020,6,60434.88,Nykaa
1/16/2026,INDEW00000023,54,1091351.88,Nykaa
1/16/2026,INDEW00000024,6,12289.02,Nykaa
1/16/2026,INDEW00000026,25,503624.5,Nykaa
1/16/2026,INDEW00000034,34,913267.88,Nykaa
1/16/2026,INDEW00000035,4,27721.68,Nykaa
1/16/2026,INDEW00000036,9,60806.88,Nykaa
1/16/2026,INDEW00000042,3,12363.93,Nykaa
1/16/2026,INDEW00000043,48,1992140.76,Nykaa
1/16/2026,INDEW00000044,59,2929125.03,Nykaa
1/16/2026,INDEW00000049,32,954598.73,Nykaa
1/16/2026,b3813904-2242-465e-b98c-73097e659bae,1,1970,Zepto
1/16/2026,c2ff7e40-7934-4be9-a386-7fd3df6b8c80,2,1796,Zepto
1/16/2026,e4a7998c-9073-45a0-9d8c-a8747e811f06,9,3195,Zepto
1/17/2026,10163011,1,1970,Blinkit
1/17/2026,10163015,29,34771,Blinkit
1/17/2026,10163019,77,61523,Blinkit
1/17/2026,10163020,127,110968,Blinkit
1/17/2026,10197331,22,19778,Blinkit
1/17/2026,10197348,1,899,Blinkit
1/17/2026,10235296,18,16164,Blinkit
1/17/2026,10266546,18,17982,Blinkit
1/17/2026,10274128,5,4995,Blinkit
1/17/2026,10277299,34,39100,Blinkit
1/17/2026,10277303,21,24150,Blinkit
1/17/2026,36658981,10,12000,Myntra
1/17/2026,36659822,22,17600,Myntra
1/17/2026,36659825,13,11700,Myntra
1/17/2026,36659830,1,899,Myntra
1/17/2026,36659831,7,6290,Myntra
1/17/2026,36660215,21,42000,Myntra
1/17/2026,36660216,22,20900,Myntra
1/17/2026,36921822,1,1750,Myntra
1/17/2026,36921823,3,6440,Myntra
1/17/2026,37736866,4,4000,Myntra
1/17/2026,38223073,1,1150,Myntra
1/17/2026,38249058,3,3450,Myntra
1/17/2026,07e74fc5-7ecd-43d8-a3a8-6b6cd221026a,26,22364,Zepto
1/17/2026,32680322-fb74-4724-90e6-5377faa630a3,10,4990,Zepto
1/17/2026,3fa4c1a5-3183-4619-8774-491e2fd1008a,14,11186,Zepto
1/17/2026,4343c39f-d3bd-4310-8f14-12505e74428b,1,899,Zepto
1/17/2026,566390e5-d7b4-44ab-86da-1778dafb8d73,1,899,Zepto
1/17/2026,8c73352d-6fa5-4bb0-862c-32e173ecacc1,1,999,Zepto
1/17/2026,94930f70-e21f-4103-9bf8-9f3330478fa7,2,2398,Zepto
1/17/2026,9e7b013e-5aff-4eb6-b474-ac94c392e348,1,849,Zepto
1/17/2026,INDEW00000003,272,53091729.66,Nykaa
1/17/2026,INDEW00000010,53,2631164.08,Nykaa
1/17/2026,INDEW00000011,80,9538423.85,Nykaa
1/17/2026,INDEW00000014,62,2383048.46,Nykaa
1/17/2026,INDEW00000015,13,241331.35,Nykaa
1/17/2026,INDEW00000018,5,17622.35,Nykaa
1/17/2026,INDEW00000019,11,90284.26,Nykaa
1/17/2026,INDEW00000020,9,132546.87,Nykaa
1/17/2026,INDEW00000023,78,2090424.7,Nykaa
1/17/2026,INDEW00000024,13,75227.23,Nykaa
1/17/2026,INDEW00000026,35,893418.05,Nykaa
1/17/2026,INDEW00000034,57,2253592.48,Nykaa
1/17/2026,INDEW00000035,5,38104.85,Nykaa
1/17/2026,INDEW00000036,13,123584.76,Nykaa
1/17/2026,INDEW00000042,4,21432,Nykaa
1/17/2026,INDEW00000043,80,5700242.04,Nykaa
1/17/2026,INDEW00000044,85,6525939.21,Nykaa
1/17/2026,INDEW00000049,22,441556.06,Nykaa
1/17/2026,c2ff7e40-7934-4be9-a386-7fd3df6b8c80,8,7184,Zepto
1/17/2026,e4a7998c-9073-45a0-9d8c-a8747e811f06,22,7810,Zepto
1/18/2026,10163015,26,31174,Blinkit
1/18/2026,10163019,85,67915,Blinkit
1/18/2026,10163020,139,120466,Blinkit
1/18/2026,10197331,17,15283,Blinkit
1/18/2026,10197348,3,2697,Blinkit
1/18/2026,10235296,17,15266,Blinkit
1/18/2026,10266546,9,8991,Blinkit
1/18/2026,10274128,11,10989,Blinkit
1/18/2026,10277299,32,36800,Blinkit
1/18/2026,10277303,16,18400,Blinkit
1/18/2026,36658981,9,10800,Myntra
1/18/2026,36659822,12,9590,Myntra
1/18/2026,36659825,11,9890,Myntra
1/18/2026,36659830,5,4500,Myntra
1/18/2026,36659831,8,7190,Myntra
1/18/2026,36659836,1,1600,Myntra
1/18/2026,36660215,18,36000,Myntra
1/18/2026,36660216,37,35100,Myntra
1/18/2026,37736866,3,3000,Myntra
1/18/2026,38223073,1,1150,Myntra
1/18/2026,38249058,2,2300,Myntra
1/18/2026,07e74fc5-7ecd-43d8-a3a8-6b6cd221026a,29,24896,Zepto
1/18/2026,32680322-fb74-4724-90e6-5377faa630a3,8,3992,Zepto
1/18/2026,3fa4c1a5-3183-4619-8774-491e2fd1008a,11,8789,Zepto
1/18/2026,8c73352d-6fa5-4bb0-862c-32e173ecacc1,4,3996,Zepto
1/18/2026,94930f70-e21f-4103-9bf8-9f3330478fa7,3,3597,Zepto
1/18/2026,INDEW00000003,283,54515298.84,Nykaa
1/18/2026,INDEW00000010,62,3699923.16,Nykaa
1/18/2026,INDEW00000011,101,13756815.72,Nykaa
1/18/2026,INDEW00000014,98,6097067.23,Nykaa
1/18/2026,INDEW00000015,13,241288.06,Nykaa
1/18/2026,INDEW00000018,16,178716.48,Nykaa
1/18/2026,INDEW00000019,9,56946.15,Nykaa
1/18/2026,INDEW00000020,7,77661.99,Nykaa
1/18/2026,INDEW00000023,74,1940061.7,Nykaa
1/18/2026,INDEW00000024,11,55576.62,Nykaa
1/18/2026,INDEW00000026,33,794824.8,Nykaa
1/18/2026,INDEW00000034,49,1736231.21,Nykaa
1/18/2026,INDEW00000035,4,23774.04,Nykaa
1/18/2026,INDEW00000036,11,86955.77,Nykaa
1/18/2026,INDEW00000042,3,12357.51,Nykaa
1/18/2026,INDEW00000043,68,4093958.67,Nykaa
1/18/2026,INDEW00000044,84,6637424.6,Nykaa
1/18/2026,INDEW00000049,29,761973.26,Nykaa
1/18/2026,c2ff7e40-7934-4be9-a386-7fd3df6b8c80,7,6286,Zepto
1/18/2026,dbe46b05-cccd-4532-96e1-1f046035ed26,1,1150,Zepto
1/18/2026,e4a7998c-9073-45a0-9d8c-a8747e811f06,27,9585,Zepto
1/19/2026,10163015,21,25179,Blinkit
1/19/2026,10163019,54,43146,Blinkit
1/19/2026,10163020,70,60655,Blinkit
1/19/2026,10197331,13,11687,Blinkit
1/19/2026,10197348,1,899,Blinkit
1/19/2026,10235296,11,9878,Blinkit
1/19/2026,10266546,10,9990,Blinkit
1/19/2026,10274128,5,4995,Blinkit
1/19/2026,10277299,21,24150,Blinkit
1/19/2026,10277303,8,9200,Blinkit
1/19/2026,36658981,3,3600,Myntra
1/19/2026,36659822,4,3200,Myntra
1/19/2026,36659825,6,5390,Myntra
1/19/2026,36659830,1,899,Myntra
1/19/2026,36659831,2,1800,Myntra
1/19/2026,36659836,1,1600,Myntra
1/19/2026,36660215,2,4000,Myntra
1/19/2026,36660216,13,12300,Myntra
1/19/2026,37736866,2,2000,Myntra
1/19/2026,38223073,1,1150,Myntra
1/19/2026,38249058,4,4600,Myntra
1/19/2026,07e74fc5-7ecd-43d8-a3a8-6b6cd221026a,21,17934,Zepto
1/19/2026,32680322-fb74-4724-90e6-5377faa630a3,4,1996,Zepto
1/19/2026,3fa4c1a5-3183-4619-8774-491e2fd1008a,12,9588,Zepto
1/19/2026,7e19b7c9-a5d1-4988-b7ff-9f697f6f9179,1,1150,Zepto
1/19/2026,8c73352d-6fa5-4bb0-862c-32e173ecacc1,4,3996,Zepto
1/19/2026,94930f70-e21f-4103-9bf8-9f3330478fa7,3,3597,Zepto
1/19/2026,INDEW00000003,226,34873449.4,Nykaa
1/19/2026,INDEW00000010,52,2631776.68,Nykaa
1/19/2026,INDEW00000011,82,8818808.02,Nykaa
1/19/2026,INDEW00000014,64,2675208.32,Nykaa
1/19/2026,INDEW00000015,9,92978.56,Nykaa
1/19/2026,INDEW00000018,4,6996.02,Nykaa
1/19/2026,INDEW00000019,7,36994.23,Nykaa
1/19/2026,INDEW00000020,4,27108.52,Nykaa
1/19/2026,INDEW00000023,65,1416104.11,Nykaa
1/19/2026,INDEW00000024,6,11975.09,Nykaa
1/19/2026,INDEW00000026,30,651435.9,Nykaa
1/19/2026,INDEW00000034,33,796673.46,Nykaa
1/19/2026,INDEW00000035,4,24974.48,Nykaa
1/19/2026,INDEW00000036,13,122246.41,Nykaa
1/19/2026,INDEW00000042,3,12353.73,Nykaa
1/19/2026,INDEW00000043,64,3739630.4,Nykaa
1/19/2026,INDEW00000044,75,5107980.81,Nykaa
1/19/2026,INDEW00000049,29,793140.14,Nykaa
1/19/2026,c2ff7e40-7934-4be9-a386-7fd3df6b8c80,2,1796,Zepto
1/19/2026,dbe46b05-cccd-4532-96e1-1f046035ed26,1,1150,Zepto
1/19/2026,e4a7998c-9073-45a0-9d8c-a8747e811f06,9,3195,Zepto
1/20/2026,10163011,1,1970,Blinkit
1/20/2026,10163015,26,31174,Blinkit
1/20/2026,10163019,55,43945,Blinkit
1/20/2026,10163020,90,77640,Blinkit
1/20/2026,10197331,16,14384,Blinkit
1/20/2026,10197348,1,899,Blinkit
1/20/2026,10235296,15,13470,Blinkit
1/20/2026,10266546,18,17982,Blinkit
1/20/2026,10274128,8,7992,Blinkit
1/20/2026,10277299,22,25300,Blinkit
1/20/2026,10277303,13,14950,Blinkit
1/20/2026,36658981,7,8390,Myntra
1/20/2026,36659822,3,2400,Myntra
1/20/2026,36659825,2,1800,Myntra
1/20/2026,36659830,1,899,Myntra
1/20/2026,36659831,1,899,Myntra
1/20/2026,36659835,1,1970,Myntra
1/20/2026,36659836,1,1600,Myntra
1/20/2026,36660215,12,24000,Myntra
1/20/2026,36660216,9,8540,Myntra
1/20/2026,37736866,4,4000,Myntra
1/20/2026,38249058,1,1150,Myntra
1/20/2026,07e74fc5-7ecd-43d8-a3a8-6b6cd221026a,27,23313,Zepto
1/20/2026,32680322-fb74-4724-90e6-5377faa630a3,3,1497,Zepto
1/20/2026,3fa4c1a5-3183-4619-8774-491e2fd1008a,19,15181,Zepto
1/20/2026,4343c39f-d3bd-4310-8f14-12505e74428b,1,899,Zepto
1/20/2026,7e19b7c9-a5d1-4988-b7ff-9f697f6f9179,2,2300,Zepto
1/20/2026,8c73352d-6fa5-4bb0-862c-32e173ecacc1,4,3996,Zepto
1/20/2026,94930f70-e21f-4103-9bf8-9f3330478fa7,2,2398,Zepto
1/20/2026,INDEW00000003,203,28370736.8,Nykaa
1/20/2026,INDEW00000010,35,1098786.67,Nykaa
1/20/2026,INDEW00000011,67,6509456.4,Nykaa
1/20/2026,INDEW00000014,64,2674959.36,Nykaa
1/20/2026,INDEW00000015,5,36839.1,Nykaa
1/20/2026,INDEW00000018,8,45410.8,Nykaa
1/20/2026,INDEW00000019,1,713.45,Nykaa
1/20/2026,INDEW00000020,1,1577.37,Nykaa
1/20/2026,INDEW00000023,46,725149.7,Nykaa
1/20/2026,INDEW00000024,10,47357.8,Nykaa
1/20/2026,INDEW00000026,33,826242.45,Nykaa
1/20/2026,INDEW00000034,38,1077656.82,Nykaa
1/20/2026,INDEW00000035,1,1418.4,Nykaa
1/20/2026,INDEW00000036,13,124715.5,Nykaa
1/20/2026,INDEW00000042,2,5285.3,Nykaa
1/20/2026,INDEW00000043,74,5098924.47,Nykaa
1/20/2026,INDEW00000044,101,9684444.5,Nykaa
1/20/2026,INDEW00000049,37,1187038.44,Nykaa
1/20/2026,b3813904-2242-465e-b98c-73097e659bae,1,1970,Zepto
1/20/2026,c2ff7e40-7934-4be9-a386-7fd3df6b8c80,4,3592,Zepto
1/20/2026,dbe46b05-cccd-4532-96e1-1f046035ed26,1,1150,Zepto
1/20/2026,e4a7998c-9073-45a0-9d8c-a8747e811f06,11,3905,Zepto
1/21/2026,10163015,29,34771,Blinkit
1/21/2026,10163019,50,39950,Blinkit
1/21/2026,10163020,93,80487,Blinkit
1/21/2026,10197331,23,20677,Blinkit
1/21/2026,10197348,1,899,Blinkit
1/21/2026,10235296,13,11674,Blinkit
1/21/2026,10266546,20,19980,Blinkit
1/21/2026,10274128,1,999,Blinkit
1/21/2026,10277299,20,23000,Blinkit
1/21/2026,10277303,14,16100,Blinkit
1/21/2026,36658981,4,4800,Myntra
1/21/2026,36659822,5,4000,Myntra
1/21/2026,36659825,6,5390,Myntra
1/21/2026,36659830,1,899,Myntra
1/21/2026,36659836,2,3200,Myntra
1/21/2026,36660215,4,8000,Myntra
1/21/2026,36660216,10,9490,Myntra
1/21/2026,37206948,2,710,Myntra
1/21/2026,37736866,2,2000,Myntra
1/21/2026,38249058,3,3450,Myntra
1/21/2026,07e74fc5-7ecd-43d8-a3a8-6b6cd221026a,20,17300,Zepto
1/21/2026,32680322-fb74-4724-90e6-5377faa630a3,6,2994,Zepto
1/21/2026,3fa4c1a5-3183-4619-8774-491e2fd1008a,17,13583,Zepto
1/21/2026,4343c39f-d3bd-4310-8f14-12505e74428b,1,899,Zepto
1/21/2026,7e19b7c9-a5d1-4988-b7ff-9f697f6f9179,3,3450,Zepto
1/21/2026,8c73352d-6fa5-4bb0-862c-32e173ecacc1,2,1998,Zepto
1/21/2026,94930f70-e21f-4103-9bf8-9f3330478fa7,2,2398,Zepto
1/21/2026,INDEW00000003,206,29999090.87,Nykaa
1/21/2026,INDEW00000010,38,1426022.58,Nykaa
1/21/2026,INDEW00000011,62,5456967.37,Nykaa
1/21/2026,INDEW00000014,75,3685410.75,Nykaa
1/21/2026,INDEW00000015,8,92236.72,Nykaa
1/21/2026,INDEW00000018,11,86650.52,Nykaa
1/21/2026,INDEW00000019,11,88255.31,Nykaa
1/21/2026,INDEW00000020,3,14967.99,Nykaa
1/21/2026,INDEW00000023,70,1793205.4,Nykaa
1/21/2026,INDEW00000024,15,103671.6,Nykaa
1/21/2026,INDEW00000026,36,951775.56,Nykaa
1/21/2026,INDEW00000034,43,1367662.3,Nykaa
1/21/2026,INDEW00000035,5,39281.05,Nykaa
1/21/2026,INDEW00000036,14,142696.26,Nykaa
1/21/2026,INDEW00000042,1,1374.56,Nykaa
1/21/2026,INDEW00000043,62,3385754.62,Nykaa
1/21/2026,INDEW00000044,89,7129661.89,Nykaa
1/21/2026,INDEW00000049,54,2387017.08,Nykaa
1/21/2026,b3813904-2242-465e-b98c-73097e659bae,2,3940,Zepto
1/21/2026,c2ff7e40-7934-4be9-a386-7fd3df6b8c80,2,1796,Zepto
1/21/2026,dbe46b05-cccd-4532-96e1-1f046035ed26,2,2300,Zepto
1/21/2026,e4a7998c-9073-45a0-9d8c-a8747e811f06,10,3550,Zepto
1/22/2026,10163011,2,3940,Blinkit
1/22/2026,10163015,25,29975,Blinkit
1/22/2026,10163019,76,60724,Blinkit
1/22/2026,10163020,110,95780,Blinkit
1/22/2026,10197331,23,20677,Blinkit
1/22/2026,10235296,15,13470,Blinkit
1/22/2026,10266546,21,20979,Blinkit
1/22/2026,10274128,7,6993,Blinkit
1/22/2026,10277299,19,21850,Blinkit
1/22/2026,10277303,23,26450,Blinkit
1/22/2026,36658981,7,8390,Myntra
1/22/2026,36659822,23,18400,Myntra
1/22/2026,36659825,19,17100,Myntra
1/22/2026,36659831,2,1800,Myntra
1/22/2026,36659836,3,4800,Myntra
1/22/2026,36660215,12,24000,Myntra
1/22/2026,36660216,13,12300,Myntra
1/22/2026,36921822,3,5240,Myntra
1/22/2026,37736866,4,4000,Myntra
1/22/2026,38249058,1,1150,Myntra
1/22/2026,07e74fc5-7ecd-43d8-a3a8-6b6cd221026a,26,22154,Zepto
1/22/2026,32680322-fb74-4724-90e6-5377faa630a3,3,1497,Zepto
1/22/2026,3fa4c1a5-3183-4619-8774-491e2fd1008a,14,11186,Zepto
1/22/2026,4f4fc324-38a3-48c7-ac4c-f6cdd0201001,1,1970,Zepto
1/22/2026,566390e5-d7b4-44ab-86da-1778dafb8d73,1,899,Zepto
1/22/2026,7e19b7c9-a5d1-4988-b7ff-9f697f6f9179,7,8050,Zepto
1/22/2026,8c73352d-6fa5-4bb0-862c-32e173ecacc1,6,5994,Zepto
1/22/2026,9e7b013e-5aff-4eb6-b474-ac94c392e348,1,849,Zepto
1/22/2026,INDEW00000003,203,29756256.81,Nykaa
1/22/2026,INDEW00000010,51,2477920,Nykaa
1/22/2026,INDEW00000011,71,7354800.4,Nykaa
1/22/2026,INDEW00000014,70,3187212.7,Nykaa
1/22/2026,INDEW00000015,6,50911.32,Nykaa
1/22/2026,INDEW00000018,10,56412.36,Nykaa
1/22/2026,INDEW00000019,8,47169.68,Nykaa
1/22/2026,INDEW00000020,2,6072,Nykaa
1/22/2026,INDEW00000023,66,1492682.08,Nykaa
1/22/2026,INDEW00000024,8,29347.68,Nykaa
1/22/2026,INDEW00000026,49,1761395.16,Nykaa
1/22/2026,INDEW00000034,41,1247528.73,Nykaa
1/22/2026,INDEW00000035,4,24661.4,Nykaa
1/22/2026,INDEW00000036,7,34625.64,Nykaa
1/22/2026,INDEW00000042,6,49435.92,Nykaa
1/22/2026,INDEW00000043,68,4321060.68,Nykaa
1/22/2026,INDEW00000044,95,8260825.68,Nykaa
1/22/2026,INDEW00000049,57,2689921.77,Nykaa
1/22/2026,c2ff7e40-7934-4be9-a386-7fd3df6b8c80,4,3592,Zepto
1/22/2026,dbe46b05-cccd-4532-96e1-1f046035ed26,1,1150,Zepto
1/22/2026,e4a7998c-9073-45a0-9d8c-a8747e811f06,13,4615,Zepto
1/23/2026,10163015,12,14388,Blinkit
1/23/2026,10163019,68,54332,Blinkit
1/23/2026,10163020,76,66034,Blinkit
1/23/2026,10197331,18,16182,Blinkit
1/23/2026,10197348,1,899,Blinkit
1/23/2026,10235296,12,10776,Blinkit
1/23/2026,10266546,18,17982,Blinkit
1/23/2026,10274128,12,11988,Blinkit
1/23/2026,10277299,9,10350,Blinkit
1/23/2026,10277303,12,13800,Blinkit
1/23/2026,36658981,12,14400,Myntra
1/23/2026,36659822,15,12000,Myntra
1/23/2026,36659825,9,8090,Myntra
1/23/2026,36659831,3,2700,Myntra
1/23/2026,36660215,15,30000,Myntra
1/23/2026,36660216,20,19000,Myntra
1/23/2026,36921822,1,1750,Myntra
1/23/2026,37206948,1,399,Myntra
1/23/2026,37736866,5,5000,Myntra
1/23/2026,38223073,2,2300,Myntra
1/23/2026,38249058,3,3450,Myntra
1/23/2026,07e74fc5-7ecd-43d8-a3a8-6b6cd221026a,26,22889,Zepto
1/23/2026,32680322-fb74-4724-90e6-5377faa630a3,3,1497,Zepto
1/23/2026,3fa4c1a5-3183-4619-8774-491e2fd1008a,18,14382,Zepto
1/23/2026,4343c39f-d3bd-4310-8f14-12505e74428b,1,899,Zepto
1/23/2026,566390e5-d7b4-44ab-86da-1778dafb8d73,1,899,Zepto
1/23/2026,7e19b7c9-a5d1-4988-b7ff-9f697f6f9179,4,4600,Zepto
1/23/2026,8c73352d-6fa5-4bb0-862c-32e173ecacc1,9,8991,Zepto
1/23/2026,94930f70-e21f-4103-9bf8-9f3330478fa7,2,2398,Zepto
1/23/2026,INDEW00000003,218,34049195.46,Nykaa
1/23/2026,INDEW00000010,67,4373912.76,Nykaa
1/23/2026,INDEW00000011,73,7752073.67,Nykaa
1/23/2026,INDEW00000014,69,3049382.55,Nykaa
1/23/2026,INDEW00000015,12,205084.08,Nykaa
1/23/2026,INDEW00000018,10,70412,Nykaa
1/23/2026,INDEW00000019,8,47447.2,Nykaa
1/23/2026,INDEW00000020,7,75909.54,Nykaa
1/23/2026,INDEW00000023,43,660353.15,Nykaa
1/23/2026,INDEW00000024,8,27979.12,Nykaa
1/23/2026,INDEW00000026,47,1551433.66,Nykaa
1/23/2026,INDEW00000034,41,1150698.8,Nykaa
1/23/2026,INDEW00000035,4,22612.92,Nykaa
1/23/2026,INDEW00000036,17,210771.78,Nykaa
1/23/2026,INDEW00000042,1,1170.92,Nykaa
1/23/2026,INDEW00000043,83,6083619.48,Nykaa
1/23/2026,INDEW00000044,111,11065561.22,Nykaa
1/23/2026,INDEW00000049,57,2658464.04,Nykaa
1/23/2026,c2ff7e40-7934-4be9-a386-7fd3df6b8c80,3,2694,Zepto
1/23/2026,dbe46b05-cccd-4532-96e1-1f046035ed26,1,1150,Zepto
1/23/2026,e4a7998c-9073-45a0-9d8c-a8747e811f06,11,3905,Zepto
1/24/2026,10163011,1,1970,Blinkit
1/24/2026,10163015,32,38368,Blinkit
1/24/2026,10163019,99,79101,Blinkit
1/24/2026,10163020,108,93462,Blinkit
1/24/2026,10197331,31,27869,Blinkit
1/24/2026,10235296,24,21552,Blinkit
1/24/2026,10266546,20,19980,Blinkit
1/24/2026,10274128,23,22977,Blinkit
1/24/2026,10277299,13,14950,Blinkit
1/24/2026,10277303,13,14950,Blinkit
1/24/2026,36658981,9,10800,Myntra
1/24/2026,36659822,18,14400,Myntra
1/24/2026,36659825,9,8090,Myntra
1/24/2026,36659831,3,2700,Myntra
1/24/2026,36659835,1,1970,Myntra
1/24/2026,36660215,21,42000,Myntra
1/24/2026,36660216,19,18000,Myntra
1/24/2026,36921822,1,1750,Myntra
1/24/2026,36921823,1,2150,Myntra
1/24/2026,37736866,2,2000,Myntra
1/24/2026,38223073,2,2300,Myntra
1/24/2026,38249058,4,4600,Myntra
1/24/2026,07e74fc5-7ecd-43d8-a3a8-6b6cd221026a,35,29645,Zepto
1/24/2026,32680322-fb74-4724-90e6-5377faa630a3,6,2994,Zepto
1/24/2026,3fa4c1a5-3183-4619-8774-491e2fd1008a,17,13583,Zepto
1/24/2026,566390e5-d7b4-44ab-86da-1778dafb8d73,1,899,Zepto
1/24/2026,7e19b7c9-a5d1-4988-b7ff-9f697f6f9179,8,9200,Zepto
1/24/2026,8c73352d-6fa5-4bb0-862c-32e173ecacc1,7,6993,Zepto
1/24/2026,94930f70-e21f-4103-9bf8-9f3330478fa7,6,7194,Zepto
1/24/2026,INDEW00000003,230,37788765.4,Nykaa
1/24/2026,INDEW00000010,46,1973995.49,Nykaa
1/24/2026,INDEW00000011,86,9948899.74,Nykaa
1/24/2026,INDEW00000014,88,4845680.29,Nykaa
1/24/2026,INDEW00000015,3,13238.25,Nykaa
1/24/2026,INDEW00000018,10,66498,Nykaa
1/24/2026,INDEW00000019,5,17956.95,Nykaa
1/24/2026,INDEW00000020,6,59951.16,Nykaa
1/24/2026,INDEW00000022,1,764,Nykaa
1/24/2026,INDEW00000023,71,1774475.42,Nykaa
1/24/2026,INDEW00000024,9,36406.71,Nykaa
1/24/2026,INDEW00000026,41,1221933.66,Nykaa
1/24/2026,INDEW00000034,39,1046526.28,Nykaa
1/24/2026,INDEW00000035,2,6304,Nykaa
1/24/2026,INDEW00000036,22,354231.24,Nykaa
1/24/2026,INDEW00000043,68,4259515.92,Nykaa
1/24/2026,INDEW00000044,100,9177413,Nykaa
1/24/2026,INDEW00000049,53,2185158.92,Nykaa
1/24/2026,b3813904-2242-465e-b98c-73097e659bae,1,1970,Zepto
1/24/2026,c2ff7e40-7934-4be9-a386-7fd3df6b8c80,6,5388,Zepto
1/24/2026,dbe46b05-cccd-4532-96e1-1f046035ed26,2,2300,Zepto
1/24/2026,e4a7998c-9073-45a0-9d8c-a8747e811f06,14,4970,Zepto
1/25/2026,10163011,1,1970,Blinkit
1/25/2026,10163015,32,38368,Blinkit
1/25/2026,10163019,71,56729,Blinkit
1/25/2026,10163020,110,94520,Blinkit
1/25/2026,10197331,30,26970,Blinkit
1/25/2026,10197348,2,1798,Blinkit
1/25/2026,10235296,29,26042,Blinkit
1/25/2026,10266546,22,21978,Blinkit
1/25/2026,10274128,12,11988,Blinkit
1/25/2026,10277299,19,21850,Blinkit
1/25/2026,10277303,12,13800,Blinkit
1/25/2026,36658981,7,8390,Myntra
1/25/2026,36659822,10,7990,Myntra
1/25/2026,36659825,3,2700,Myntra
1/25/2026,36659831,3,2700,Myntra
1/25/2026,36659835,1,1970,Myntra
1/25/2026,36660215,14,28000,Myntra
1/25/2026,36660216,20,19000,Myntra
1/25/2026,36921822,1,1750,Myntra
1/25/2026,37736866,7,6990,Myntra
1/25/2026,38249058,4,4600,Myntra
1/25/2026,07e74fc5-7ecd-43d8-a3a8-6b6cd221026a,29,24791,Zepto
1/25/2026,32680322-fb74-4724-90e6-5377faa630a3,7,3493,Zepto
1/25/2026,3fa4c1a5-3183-4619-8774-491e2fd1008a,17,13583,Zepto
1/25/2026,4343c39f-d3bd-4310-8f14-12505e74428b,1,899,Zepto
1/25/2026,566390e5-d7b4-44ab-86da-1778dafb8d73,1,899,Zepto
1/25/2026,7e19b7c9-a5d1-4988-b7ff-9f697f6f9179,9,10350,Zepto
1/25/2026,8c73352d-6fa5-4bb0-862c-32e173ecacc1,3,2997,Zepto
1/25/2026,94930f70-e21f-4103-9bf8-9f3330478fa7,1,1199,Zepto
1/25/2026,9e7b013e-5aff-4eb6-b474-ac94c392e348,1,849,Zepto
1/25/2026,INDEW00000003,283,56794174.37,Nykaa
1/25/2026,INDEW00000010,68,4344063.04,Nykaa
1/25/2026,INDEW00000011,87,10359399.72,Nykaa
1/25/2026,INDEW00000014,97,5967596.17,Nykaa
1/25/2026,INDEW00000015,8,89235.92,Nykaa
1/25/2026,INDEW00000018,12,97860.84,Nykaa
1/25/2026,INDEW00000019,11,88737,Nykaa
1/25/2026,INDEW00000020,7,75509.56,Nykaa
1/25/2026,INDEW00000023,75,1892134.24,Nykaa
1/25/2026,INDEW00000024,10,44846.4,Nykaa
1/25/2026,INDEW00000026,44,1347357.59,Nykaa
1/25/2026,INDEW00000034,57,2332149.87,Nykaa
1/25/2026,INDEW00000035,9,117715.32,Nykaa
1/25/2026,INDEW00000036,19,254604.56,Nykaa
1/25/2026,INDEW00000042,6,46163.76,Nykaa
1/25/2026,INDEW00000043,97,8132658,Nykaa
1/25/2026,INDEW00000044,138,16595007.27,Nykaa
1/25/2026,INDEW00000049,70,3926973.4,Nykaa
1/25/2026,b3813904-2242-465e-b98c-73097e659bae,1,1970,Zepto
1/25/2026,c2ff7e40-7934-4be9-a386-7fd3df6b8c80,3,2694,Zepto
1/25/2026,dbe46b05-cccd-4532-96e1-1f046035ed26,5,5750,Zepto
1/25/2026,e4a7998c-9073-45a0-9d8c-a8747e811f06,9,3195,Zepto
1/26/2026,10163015,41,49159,Blinkit
1/26/2026,10163019,99,79101,Blinkit
1/26/2026,10163020,110,95150,Blinkit
1/26/2026,10197331,24,21576,Blinkit
1/26/2026,10197348,2,1798,Blinkit
1/26/2026,10235296,30,26940,Blinkit
1/26/2026,10266546,15,14985,Blinkit
1/26/2026,10274128,20,19980,Blinkit
1/26/2026,10277299,15,17250,Blinkit
1/26/2026,10277303,13,14950,Blinkit
1/26/2026,36658981,8,9590,Myntra
1/26/2026,36659822,20,16000,Myntra
1/26/2026,36659830,2,1800,Myntra
1/26/2026,36659831,3,2700,Myntra
1/26/2026,36659835,2,3940,Myntra
1/26/2026,36660215,24,48000,Myntra
1/26/2026,36660216,18,17100,Myntra
1/26/2026,37736866,11,11000,Myntra
1/26/2026,38223073,7,8050,Myntra
1/26/2026,38249058,9,10400,Myntra
1/26/2026,07e74fc5-7ecd-43d8-a3a8-6b6cd221026a,32,27218,Zepto
1/26/2026,32680322-fb74-4724-90e6-5377faa630a3,3,1497,Zepto
1/26/2026,3fa4c1a5-3183-4619-8774-491e2fd1008a,9,7191,Zepto
1/26/2026,4343c39f-d3bd-4310-8f14-12505e74428b,1,899,Zepto
1/26/2026,4f4fc324-38a3-48c7-ac4c-f6cdd0201001,1,1970,Zepto
1/26/2026,7e19b7c9-a5d1-4988-b7ff-9f697f6f9179,16,18400,Zepto
1/26/2026,8c73352d-6fa5-4bb0-862c-32e173ecacc1,1,999,Zepto
1/26/2026,94930f70-e21f-4103-9bf8-9f3330478fa7,2,2398,Zepto
1/26/2026,9e7b013e-5aff-4eb6-b474-ac94c392e348,2,1698,Zepto
1/26/2026,INDEW00000003,336,83446222.76,Nykaa
1/26/2026,INDEW00000010,56,3014859.3,Nykaa
1/26/2026,INDEW00000011,118,21164409.9,Nykaa
1/26/2026,INDEW00000014,92,5567635.76,Nykaa
1/26/2026,INDEW00000015,7,79503.2,Nykaa
1/26/2026,INDEW00000018,9,56123.91,Nykaa
1/26/2026,INDEW00000019,7,33487.72,Nykaa
1/26/2026,INDEW00000020,3,14256.36,Nykaa
1/26/2026,INDEW00000023,91,2882763.1,Nykaa
1/26/2026,INDEW00000024,17,124549.14,Nykaa
1/26/2026,INDEW00000026,36,971697.24,Nykaa
1/26/2026,INDEW00000034,59,2540255.03,Nykaa
1/26/2026,INDEW00000035,3,15391.5,Nykaa
1/26/2026,INDEW00000036,19,264008.42,Nykaa
1/26/2026,INDEW00000042,4,20645.24,Nykaa
1/26/2026,INDEW00000043,96,8340569.28,Nykaa
1/26/2026,INDEW00000044,131,16038293.32,Nykaa
1/26/2026,INDEW00000049,63,3151416.24,Nykaa
1/26/2026,c2ff7e40-7934-4be9-a386-7fd3df6b8c80,8,7184,Zepto
1/26/2026,dbe46b05-cccd-4532-96e1-1f046035ed26,3,3450,Zepto
1/26/2026,e4a7998c-9073-45a0-9d8c-a8747e811f06,14,4970,Zepto
1/27/2026,10163011,1,1970,Blinkit
1/27/2026,10163015,17,20383,Blinkit
1/27/2026,10163019,45,35955,Blinkit
1/27/2026,10163020,69,60651,Blinkit
1/27/2026,10197331,26,23374,Blinkit
1/27/2026,10235296,17,15266,Blinkit
1/27/2026,10266546,22,21978,Blinkit
1/27/2026,10274128,16,15984,Blinkit
1/27/2026,10277299,12,13800,Blinkit
1/27/2026,10277303,4,4600,Blinkit
1/27/2026,36658981,6,7190,Myntra
1/27/2026,36659822,4,3200,Myntra
1/27/2026,36659825,2,1800,Myntra
1/27/2026,36659831,3,2700,Myntra
1/27/2026,36659835,1,1970,Myntra
1/27/2026,36660215,8,14700,Myntra
1/27/2026,36660216,21,19900,Myntra
1/27/2026,36921822,1,1750,Myntra
1/27/2026,37736866,1,999,Myntra
1/27/2026,38223073,1,1150,Myntra
1/27/2026,38249058,1,1150,Myntra
1/27/2026,07e74fc5-7ecd-43d8-a3a8-6b6cd221026a,25,21415,Zepto
1/27/2026,32680322-fb74-4724-90e6-5377faa630a3,2,998,Zepto
1/27/2026,3fa4c1a5-3183-4619-8774-491e2fd1008a,13,10387,Zepto
1/27/2026,7e19b7c9-a5d1-4988-b7ff-9f697f6f9179,4,4600,Zepto
1/27/2026,8c73352d-6fa5-4bb0-862c-32e173ecacc1,3,2997,Zepto
1/27/2026,94930f70-e21f-4103-9bf8-9f3330478fa7,3,3597,Zepto
1/27/2026,INDEW00000003,167,21868110.59,Nykaa
1/27/2026,INDEW00000010,39,1609941.84,Nykaa
1/27/2026,INDEW00000011,49,4035362.66,Nykaa
1/27/2026,INDEW00000014,54,2002762.8,Nykaa
1/27/2026,INDEW00000015,5,43755.95,Nykaa
1/27/2026,INDEW00000018,7,35790.86,Nykaa
1/27/2026,INDEW00000019,7,36224.02,Nykaa
1/27/2026,INDEW00000020,7,82807.62,Nykaa
1/27/2026,INDEW00000023,54,1092483.18,Nykaa
1/27/2026,INDEW00000024,18,152788.32,Nykaa
1/27/2026,INDEW00000026,25,500113,Nykaa
1/27/2026,INDEW00000034,24,459489.6,Nykaa
1/27/2026,INDEW00000035,5,44190.2,Nykaa
1/27/2026,INDEW00000036,3,6789.66,Nykaa
1/27/2026,INDEW00000042,1,1395.47,Nykaa
1/27/2026,INDEW00000043,52,2630458.48,Nykaa
1/27/2026,INDEW00000044,73,5325115.67,Nykaa
1/27/2026,INDEW00000049,31,950370.41,Nykaa
1/27/2026,b3813904-2242-465e-b98c-73097e659bae,1,1970,Zepto
1/27/2026,c2ff7e40-7934-4be9-a386-7fd3df6b8c80,4,3592,Zepto
1/27/2026,dbe46b05-cccd-4532-96e1-1f046035ed26,1,1150,Zepto
1/27/2026,e4a7998c-9073-45a0-9d8c-a8747e811f06,12,4260,Zepto
1/28/2026,10163015,19,22781,Blinkit
1/28/2026,10163019,65,51935,Blinkit
1/28/2026,10163020,73,63502,Blinkit
1/28/2026,10197331,21,18879,Blinkit
1/28/2026,10197348,1,899,Blinkit
1/28/2026,10235296,17,15266,Blinkit
1/28/2026,10266546,21,20979,Blinkit
1/28/2026,10274128,19,18981,Blinkit
1/28/2026,10277299,10,11500,Blinkit
1/28/2026,10277303,4,4600,Blinkit
1/28/2026,36658981,6,7190,Myntra
1/28/2026,36659822,7,5590,Myntra
1/28/2026,36659825,3,2700,Myntra
1/28/2026,36659830,1,899,Myntra
1/28/2026,36659831,3,2700,Myntra
1/28/2026,36660215,12,21600,Myntra
1/28/2026,36660216,10,9490,Myntra
1/28/2026,36921822,2,3500,Myntra
1/28/2026,37736866,3,3000,Myntra
1/28/2026,38223073,2,2300,Myntra
1/28/2026,38249058,3,3450,Myntra
1/28/2026,07e74fc5-7ecd-43d8-a3a8-6b6cd221026a,25,21625,Zepto
1/28/2026,32680322-fb74-4724-90e6-5377faa630a3,5,2495,Zepto
1/28/2026,3fa4c1a5-3183-4619-8774-491e2fd1008a,9,7191,Zepto
1/28/2026,4f4fc324-38a3-48c7-ac4c-f6cdd0201001,2,3940,Zepto
1/28/2026,7e19b7c9-a5d1-4988-b7ff-9f697f6f9179,12,13800,Zepto
1/28/2026,8c73352d-6fa5-4bb0-862c-32e173ecacc1,5,4995,Zepto
1/28/2026,94930f70-e21f-4103-9bf8-9f3330478fa7,2,2398,Zepto
1/28/2026,9e7b013e-5aff-4eb6-b474-ac94c392e348,3,2547,Zepto
1/28/2026,INDEW00000003,172,22615149.96,Nykaa
1/28/2026,INDEW00000010,48,2299053.54,Nykaa
1/28/2026,INDEW00000011,53,4576628.52,Nykaa
1/28/2026,INDEW00000014,60,2331127.97,Nykaa
1/28/2026,INDEW00000015,5,43835.25,Nykaa
1/28/2026,INDEW00000018,7,35884.31,Nykaa
1/28/2026,INDEW00000019,3,6387.63,Nykaa
1/28/2026,INDEW00000020,3,14435.28,Nykaa
1/28/2026,INDEW00000022,1,809,Nykaa
1/28/2026,INDEW00000023,55,1058429.55,Nykaa
1/28/2026,INDEW00000024,17,133293.09,Nykaa
1/28/2026,INDEW00000026,18,242136.72,Nykaa
1/28/2026,INDEW00000034,28,606770.64,Nykaa
1/28/2026,INDEW00000035,1,1728.6,Nykaa
1/28/2026,INDEW00000036,7,39176.69,Nykaa
1/28/2026,INDEW00000042,3,12508.53,Nykaa
1/28/2026,INDEW00000043,60,3522152.4,Nykaa
1/28/2026,INDEW00000044,80,6266964,Nykaa
1/28/2026,INDEW00000049,35,1166746.7,Nykaa
1/28/2026,c2ff7e40-7934-4be9-a386-7fd3df6b8c80,2,1796,Zepto
1/28/2026,dbe46b05-cccd-4532-96e1-1f046035ed26,5,5750,Zepto
1/28/2026,e4a7998c-9073-45a0-9d8c-a8747e811f06,13,4615,Zepto
1/29/2026,10163011,1,1970,Blinkit
1/29/2026,10163015,22,26378,Blinkit
1/29/2026,10163019,51,40749,Blinkit
1/29/2026,10163020,73,62767,Blinkit
1/29/2026,10197331,17,15283,Blinkit
1/29/2026,10197348,1,899,Blinkit
1/29/2026,10235296,15,13470,Blinkit
1/29/2026,10266546,29,28971,Blinkit
1/29/2026,10274128,17,16983,Blinkit
1/29/2026,10277299,17,19550,Blinkit
1/29/2026,10277303,8,9200,Blinkit
1/29/2026,36658981,6,7190,Myntra
1/29/2026,36659822,7,5590,Myntra
1/29/2026,36659825,3,2700,Myntra
1/29/2026,36659831,2,1800,Myntra
1/29/2026,36659835,2,3940,Myntra
1/29/2026,36660215,4,7550,Myntra
1/29/2026,36660216,16,15200,Myntra
1/29/2026,37736866,3,3000,Myntra
1/29/2026,38223073,2,2300,Myntra
1/29/2026,38249058,3,3450,Myntra
1/29/2026,07e74fc5-7ecd-43d8-a3a8-6b6cd221026a,21,17934,Zepto
1/29/2026,32680322-fb74-4724-90e6-5377faa630a3,5,2495,Zepto
1/29/2026,3fa4c1a5-3183-4619-8774-491e2fd1008a,17,13583,Zepto
1/29/2026,4343c39f-d3bd-4310-8f14-12505e74428b,1,899,Zepto
1/29/2026,566390e5-d7b4-44ab-86da-1778dafb8d73,1,899,Zepto
1/29/2026,7e19b7c9-a5d1-4988-b7ff-9f697f6f9179,16,18400,Zepto
1/29/2026,8c73352d-6fa5-4bb0-862c-32e173ecacc1,5,4995,Zepto
1/29/2026,94930f70-e21f-4103-9bf8-9f3330478fa7,3,3597,Zepto
1/29/2026,9e7b013e-5aff-4eb6-b474-ac94c392e348,2,1698,Zepto
1/29/2026,INDEW00000003,190,27460380.25,Nykaa
1/29/2026,INDEW00000010,51,2734307.37,Nykaa
1/29/2026,INDEW00000011,65,6437000.94,Nykaa
1/29/2026,INDEW00000014,48,1568756.16,Nykaa
1/29/2026,INDEW00000015,12,245059.8,Nykaa
1/29/2026,INDEW00000018,6,27127.26,Nykaa
1/29/2026,INDEW00000019,9,59863.23,Nykaa
1/29/2026,INDEW00000020,1,1579.35,Nykaa
1/29/2026,INDEW00000023,68,1645645.68,Nykaa
1/29/2026,INDEW00000024,13,77318.93,Nykaa
1/29/2026,INDEW00000026,22,372896.26,Nykaa
1/29/2026,INDEW00000034,33,862604.82,Nykaa
1/29/2026,INDEW00000035,6,63706.92,Nykaa
1/29/2026,INDEW00000036,6,27576.78,Nykaa
1/29/2026,INDEW00000042,3,12269.88,Nykaa
1/29/2026,INDEW00000043,54,2779758,Nykaa
1/29/2026,INDEW00000044,74,5203987.65,Nykaa
1/29/2026,INDEW00000049,23,510680.27,Nykaa
1/29/2026,c2ff7e40-7934-4be9-a386-7fd3df6b8c80,6,5388,Zepto
1/29/2026,dbe46b05-cccd-4532-96e1-1f046035ed26,12,13800,Zepto
1/29/2026,e4a7998c-9073-45a0-9d8c-a8747e811f06,4,1420,Zepto
1/30/2026,10163011,1,1970,Blinkit
1/30/2026,10163015,21,25179,Blinkit
1/30/2026,10163019,55,43945,Blinkit
1/30/2026,10163020,92,79013,Blinkit
1/30/2026,10197331,15,13485,Blinkit
1/30/2026,10197348,1,899,Blinkit
1/30/2026,10235296,21,18858,Blinkit
1/30/2026,10266546,22,21978,Blinkit
1/30/2026,10274128,33,32967,Blinkit
1/30/2026,10277299,10,11500,Blinkit
1/30/2026,10277303,8,9200,Blinkit
1/30/2026,36658981,7,8390,Myntra
1/30/2026,36659822,11,8790,Myntra
1/30/2026,36659830,1,899,Myntra
1/30/2026,36659835,2,3940,Myntra
1/30/2026,36660216,24,22800,Myntra
1/30/2026,36921822,1,1750,Myntra
1/30/2026,36921823,1,2150,Myntra
1/30/2026,37736866,1,999,Myntra
1/30/2026,38223073,1,1150,Myntra
1/30/2026,38249058,2,2300,Myntra
1/30/2026,07e74fc5-7ecd-43d8-a3a8-6b6cd221026a,45,38295,Zepto
1/30/2026,32680322-fb74-4724-90e6-5377faa630a3,12,5988,Zepto
1/30/2026,3fa4c1a5-3183-4619-8774-491e2fd1008a,10,7990,Zepto
1/30/2026,7e19b7c9-a5d1-4988-b7ff-9f697f6f9179,20,23000,Zepto
1/30/2026,8c73352d-6fa5-4bb0-862c-32e173ecacc1,3,2997,Zepto
1/30/2026,94930f70-e21f-4103-9bf8-9f3330478fa7,4,4796,Zepto
1/30/2026,9e7b013e-5aff-4eb6-b474-ac94c392e348,23,19527,Zepto
1/30/2026,INDEW00000003,227,36668708.98,Nykaa
1/30/2026,INDEW00000010,54,2637900.48,Nykaa
1/30/2026,INDEW00000011,91,11513453.53,Nykaa
1/30/2026,INDEW00000014,71,3236748,Nykaa
1/30/2026,INDEW00000015,10,116069.66,Nykaa
1/30/2026,INDEW00000018,8,44783.92,Nykaa
1/30/2026,INDEW00000019,8,47771.76,Nykaa
1/30/2026,INDEW00000020,6,58477.38,Nykaa
1/30/2026,INDEW00000023,81,2346454.98,Nykaa
1/30/2026,INDEW00000024,13,76718.98,Nykaa
1/30/2026,INDEW00000026,41,1241244.66,Nykaa
1/30/2026,INDEW00000034,41,1223534.3,Nykaa
1/30/2026,INDEW00000035,9,121588.47,Nykaa
1/30/2026,INDEW00000036,12,105040.92,Nykaa
1/30/2026,INDEW00000042,4,20698.8,Nykaa
1/30/2026,INDEW00000043,78,5624304.44,Nykaa
1/30/2026,INDEW00000044,92,7960894.01,Nykaa
1/30/2026,INDEW00000049,31,894637.37,Nykaa
1/30/2026,c2ff7e40-7934-4be9-a386-7fd3df6b8c80,8,7184,Zepto
1/30/2026,dbe46b05-cccd-4532-96e1-1f046035ed26,12,13800,Zepto
1/30/2026,e4a7998c-9073-45a0-9d8c-a8747e811f06,23,8165,Zepto
1/31/2026,10163011,1,1970,Blinkit
1/31/2026,10163015,29,34771,Blinkit
1/31/2026,10163019,51,40749,Blinkit
1/31/2026,10163020,135,116355,Blinkit
1/31/2026,10197331,19,17081,Blinkit
1/31/2026,10197348,1,899,Blinkit
1/31/2026,10235296,28,25144,Blinkit
1/31/2026,10266546,19,18981,Blinkit
1/31/2026,10274128,35,34965,Blinkit
1/31/2026,10277299,14,16100,Blinkit
1/31/2026,10277303,10,11500,Blinkit
1/31/2026,36658981,2,2400,Myntra
1/31/2026,36659822,11,8790,Myntra
1/31/2026,36659825,2,1800,Myntra
1/31/2026,36659831,1,899,Myntra
1/31/2026,36659835,3,5910,Myntra
1/31/2026,36659836,2,3200,Myntra
1/31/2026,36660215,18,32400,Myntra
1/31/2026,36660216,23,21800,Myntra
1/31/2026,37736866,1,999,Myntra
1/31/2026,38223073,1,1150,Myntra
1/31/2026,38249058,3,3450,Myntra
1/31/2026,07e74fc5-7ecd-43d8-a3a8-6b6cd221026a,43,36607,Zepto
1/31/2026,32680322-fb74-4724-90e6-5377faa630a3,6,2994,Zepto
1/31/2026,3fa4c1a5-3183-4619-8774-491e2fd1008a,17,13583,Zepto
1/31/2026,4343c39f-d3bd-4310-8f14-12505e74428b,2,1798,Zepto
1/31/2026,4f4fc324-38a3-48c7-ac4c-f6cdd0201001,1,1970,Zepto
1/31/2026,7e19b7c9-a5d1-4988-b7ff-9f697f6f9179,14,16100,Zepto
1/31/2026,8c73352d-6fa5-4bb0-862c-32e173ecacc1,10,9990,Zepto
1/31/2026,94930f70-e21f-4103-9bf8-9f3330478fa7,2,2398,Zepto
1/31/2026,9e7b013e-5aff-4eb6-b474-ac94c392e348,9,7641,Zepto
1/31/2026,INDEW00000003,316,72021762.52,Nykaa
1/31/2026,INDEW00000010,80,5878050.2,Nykaa
1/31/2026,INDEW00000011,120,18520558.24,Nykaa
1/31/2026,INDEW00000014,88,4701111.22,Nykaa
1/31/2026,INDEW00000015,14,284764.48,Nykaa
1/31/2026,INDEW00000018,10,66964.9,Nykaa
1/31/2026,INDEW00000019,7,36377.46,Nykaa
1/31/2026,INDEW00000020,8,97686.8,Nykaa
1/31/2026,INDEW00000023,85,2598138.05,Nykaa
1/31/2026,INDEW00000024,13,74089.99,Nykaa
1/31/2026,INDEW00000026,43,1310240.1,Nykaa
1/31/2026,INDEW00000034,55,2017709.96,Nykaa
1/31/2026,INDEW00000035,4,24620.52,Nykaa
1/31/2026,INDEW00000036,14,140499.8,Nykaa
1/31/2026,INDEW00000042,3,12133.47,Nykaa
1/31/2026,INDEW00000043,74,5062869.84,Nykaa
1/31/2026,INDEW00000044,96,8518997.54,Nykaa
1/31/2026,INDEW00000049,38,1188001.58,Nykaa
1/31/2026,c2ff7e40-7934-4be9-a386-7fd3df6b8c80,8,7184,Zepto
1/31/2026,dbe46b05-cccd-4532-96e1-1f046035ed26,12,13800,Zepto
1/31/2026,e4a7998c-9073-45a0-9d8c-a8747e811f06,20,7100,Zepto
